0,0,0,0,0,0,0,0,0,0,0,0,0,0,0,0,0,0,0,0,0,0,0,0,0,0,0,0,0,0,0,0,0,0,0,0,0,0,0,0,0,0,0,0,0,0,0,0,0,0,0,0,0,0,0,0,0,0,0,0,0,0,0,0,0,0,0,0,0,0,0,0,0,0,0,0,0,0,0,0,0,0,0,0,0,0,0,0,0,0,0,0,0,0,0,0,0,0,0,0,0,0,0,0,0,0,0,0,0,0,0,0,0,0,0,0,0,0,0,0,0,0,0,0,0,0,0,0,0,0,0,0,0,0,0,0,0,0,0,0,0,0,0,0,0,0,0,0,0,0,0,0,0,0,0,0,0,0,0,0,0,0,0,0,0,0,0,0,0,0,0,0,0,0,0,0,0,0,0,0,0,0,0,0,0,0,0,0,0,0,0,0,0,0,0,0,0,0,0,0,0,0,0,0,0,0,0,0,0,0,0,0,0,0,0,0,0,0,0,0,0,0,0,0,0,0,0,0,0,0,0,0,0,0,0,0,0,0,0,0,0,0,0,0,0,0,0,0,0,0,0,0,0,0,0,0,0,0,0,0,0,0,0,0,0,0,0,0,0,0,0,0,0,0,0,0,0,0,0,0,0,0,0,0,0,0,0,0,0,0,0,0,0,0,0,0,0,0,0,0,0,0,0,0,0,0,0,0,0,0,0,0,0,0,0,0,0,0,0,0,0,0,0,0,0,0,0,0,0,0,0,0,0,0,0,0,0,0,0,0,0,0,0,0,0,0,0,0,0,0,0,0,0,0,0,0,0,0,0,0,0,0,0,0,0,0,0,0,0,0,0,0,0,0,0,0,0,0,0,0,0,0,0,0,0,0,0,0,0,0,0,0,0,0,0,0,0,0,0,0
0.000041962,0.00084756,0.0016196,0.0022952,0.0027806,0.0030072,0.0029764,0.0028373,0.0027469,0.0027822,0.0029698,0.0032126,0.0033336,0.0032306,0.0030162,0.0027954,0.0027179,0.0027584,0.0025564,0.0014627,-0.0010815,-0.0053318,-0.010897,-0.016691,-0.021407,-0.023975,-0.024405,-0.023583,-0.022822,-0.023096,-0.024855,-0.027182,-0.028856,-0.029094,-0.028036,-0.026467,-0.025116,-0.024139,-0.022626,-0.018882,-0.011246,0.000043173,0.013276,0.025963,0.035599,0.040821,0.042456,0.043003,0.044593,0.048315,0.053586,0.05859,0.060961,0.060165,0.057265,0.054353,0.052233,0.051113,0.048736,0.041997,0.028413,0.0094422,-0.012118,-0.032097,-0.04702,-0.055514,-0.059632,-0.062542,-0.066891,-0.073358,-0.080428,-0.085535,-0.086812,-0.084368,-0.080303,-0.077483,-0.076524,-0.076096,-0.073024,-0.063737,-0.046029,-0.022578,0.0022881,0.023919,0.039233,0.047804,0.052701,0.057441,0.064194,0.072477,0.080051,0.084332,0.084204,0.080848,0.077561,0.077072,0.079207,0.081534,0.080094,0.071119,0.053867,0.031823,0.0097714,-0.0078685,-0.018906,-0.025162,-0.029957,-0.036292,-0.045233,-0.055387,-0.063344,-0.066927,-0.065977,-0.062593,-0.059938,-0.060356,-0.063307,-0.066089,-0.065144,-0.058545,-0.045949,-0.030599,-0.016174,-0.0057046,0.0011979,0.0056229,0.010281,0.016501,0.024396,0.031671,0.036352,0.037288,0.035469,0.033073,0.032518,0.03468,0.038641,0.041952,0.042006,0.037553,0.029504,0.020325,0.012629,0.0079292,0.0064833,0.0065557,0.0061617,0.004372,0.0017307,-0.0012377,-0.0028187,-0.0024623,-0.0010482,-0.00026919,-0.0010189,-0.0037883,-0.0078711,-0.011585,-0.013497,-0.013284,-0.01158,-0.0092944,-0.0076106,-0.0070178,-0.0071173,-0.0072836,-0.0069992,-0.0061101,-0.0050456,-0.0045001,-0.0045699,-0.0053787,-0.006379,-0.0068456,-0.0063436,-0.0051089,-0.0032686,-0.001481,-0.00028511,0.00020695,0.000020761,-0.00085411,-0.0021193,-0.0034158,-0.0044949,-0.0051258,-0.0052441,-0.0050234,-0.0047882,-0.0048196,-0.0051862,-0.0057104,-0.0060897,-0.0060932,-0.0057115,-0.0051693,-0.0046554,-0.0042383,-0.003548,-0.0025256,-0.00030948,0.0032993,0.0079237,0.012408,0.016657,0.019467,0.02078,0.021447,0.022767,0.025006,0.028247,0.031644,0.033896,0.034279,0.033087,0.031485,0.030116,0.029191,0.028577,0.026095,0.019691,0.0096343,-0.002478,-0.015796,-0.027132,-0.034676,-0.039128,-0.042584,-0.046315,-0.051575,-0.057769,-0.063023,-0.065506,-0.064692,-0.061783,-0.059048,-0.057367,-0.056247,-0.053472,-0.046015,-0.031525,-0.011633,0.010248,0.030021,0.044417,0.052326,0.055994,0.058909,0.063587,0.070544,0.078139,0.083794,0.08562,0.083904,0.080851,0.079283,0.079604,0.080227,0.077701,0.068295,0.049857,0.025715,0.00039387,-0.021279,-0.03618,-0.043993,-0.048709,-0.052291,-0.057112,-0.062914,-0.06738,-0.067579,-0.065623,-0.062248,-0.060027,-0.061516,-0.066397,-0.070583,-0.070479,-0.062906,-0.046788,-0.025715,-0.0044556,0.012792,0.024073,0.030103,0.034263,0.039513,0.046869,0.054997,0.061298,0.063758,0.06235,0.059128,0.057046,0.058156,0.061716,0.065842,0.067717,0.064612,0.056241,0.045753,0.035088,0.025598,0.018533,0.012865,0.0060608,-0.00256,-0.011993,-0.020589,-0.026213,-0.027821,-0.026274,-0.023923,-0.023238,-0.025346,-0.029649,-0.033704,-0.03501,-0.032424,-0.026732,-0.019531,-0.013298,-0.0094173,-0.007647,-0.0065502,-0.0048564,-0.0018277,0.0019746,0.005145,0.0065471,0.0058967,0.0041224,0.0028076,0.0032148,0.005234,0.0081407,0.010506,0.011133,0.0098315,0.0076776,0.0055744,0.0043945,0.0044353,0.0052387,0.0058954,0.0059161,0.0052495,0.0043158,0.0037343,0.0039135,0.0047753,0.0058256,0.0064494,0.0062908,0.0054806,0.0043569,0.003427,0.0031255,0.003576,0.0045326,0.0059498,0.0076303,0.0092025,0.010308,0.010795,0.010601,0.009972,0.0093808,0.0092401,0.0096491,0.010373,0.010937,0.010975,0.010462,0.0097332,0.0089918,0.0083734,0.0074545,0.005351,0.001138,-0.0052111,-0.01309,-0.02102,-0.027298,-0.03082,-0.031809,-0.031463,-0.031409,-0.032741,-0.035382,-0.038204,-0.039783,-0.039335,-0.037232,-0.034816,-0.033838,-0.035634,-0.040307,-0.046686
-0.4495,-0.44562,-0.44116,-0.43579,-0.42949,-0.42243,-0.41489,-0.40709,-0.3992,-0.39116,-0.38297,-0.37461,-0.36609,-0.35759,-0.34955,-0.34237,-0.33646,-0.33303,-0.33303,-0.33788,-0.34876,-0.36664,-0.39076,-0.42016,-0.45205,-0.484,-0.51375,-0.53989,-0.56124,-0.57785,-0.58965,-0.59661,-0.59863,-0.59593,-0.58884,-0.57832,-0.56575,-0.55306,-0.5417,-0.53281,-0.52625,-0.52129,-0.51668,-0.51131,-0.50434,-0.49571,-0.48563,-0.47436,-0.46223,-0.4494,-0.43587,-0.42153,-0.40625,-0.39043,-0.37495,-0.36072,-0.34873,-0.34083,-0.33795,-0.34095,-0.35057,-0.36739,-0.39035,-0.41857,-0.44955,-0.4809,-0.51015,-0.53564,-0.55611,-0.57166,-0.58254,-0.58903,-0.59118,-0.58902,-0.58244,-0.57192,-0.55913,-0.54641,-0.53559,-0.52812,-0.52406,-0.52174,-0.5191,-0.51466,-0.5077,-0.49833,-0.48729,-0.47523,-0.46262,-0.44953,-0.4357,-0.42105,-0.40561,-0.38969,-0.37409,-0.35979,-0.34789,-0.34006,-0.3373,-0.34069,-0.35116,-0.36901,-0.39309,-0.42237,-0.45411,-0.48548,-0.51421,-0.53894,-0.55873,-0.57388,-0.5848,-0.59162,-0.59403,-0.59176,-0.58461,-0.57338,-0.55989,-0.54655,-0.53517,-0.5271,-0.52204,-0.51837,-0.5143,-0.50868,-0.50101,-0.49151,-0.48084,-0.46942,-0.45746,-0.44471,-0.43094,-0.41614,-0.4004,-0.3842,-0.36855,-0.3545,-0.34288,-0.33526,-0.33269,-0.33627,-0.34686,-0.36508,-0.38984,-0.4199,-0.45231,-0.48446,-0.51406,-0.53981,-0.56078,-0.57716,-0.58902,-0.59624,-0.59848,-0.59572,-0.58824,-0.57714,-0.56391,-0.55065,-0.53879,-0.52934,-0.52194,-0.51585,-0.50989,-0.50322,-0.4953,-0.48617,-0.47596,-0.46482,-0.45281,-0.43988,-0.42603,-0.41123,-0.39561,-0.37963,-0.36423,-0.35031,-0.33879,-0.33131,-0.32893,-0.33278,-0.34369,-0.36221,-0.38718,-0.41733,-0.44975,-0.48198,-0.51177,-0.53783,-0.55913,-0.57578,-0.58773,-0.59488,-0.59698,-0.59421,-0.58692,-0.57619,-0.56346,-0.55065,-0.53911,-0.52984,-0.52263,-0.51681,-0.5113,-0.50517,-0.49777,-0.48899,-0.47893,-0.46778,-0.45576,-0.44295,-0.4294,-0.41502,-0.3997,-0.38382,-0.36828,-0.35401,-0.34203,-0.33416,-0.33152,-0.33504,-0.34544,-0.36326,-0.38738,-0.41653,-0.44808,-0.4797,-0.50906,-0.53466,-0.55539,-0.5713,-0.58248,-0.58906,-0.59102,-0.58853,-0.58172,-0.57128,-0.55868,-0.54604,-0.535,-0.52681,-0.52147,-0.51778,-0.51412,-0.50915,-0.50212,-0.49309,-0.48251,-0.47077,-0.45828,-0.44516,-0.43134,-0.41675,-0.40147,-0.38582,-0.37055,-0.35647,-0.34463,-0.33678,-0.33393,-0.33718,-0.34739,-0.365,-0.3888,-0.41778,-0.44926,-0.4807,-0.5096,-0.53479,-0.55515,-0.57085,-0.58216,-0.58934,-0.59172,-0.58929,-0.58195,-0.57043,-0.5566,-0.54316,-0.53186,-0.52404,-0.51956,-0.5166,-0.51313,-0.50791,-0.50037,-0.49066,-0.47952,-0.46757,-0.45512,-0.44206,-0.42821,-0.41355,-0.39812,-0.38221,-0.36671,-0.35255,-0.34073,-0.33289,-0.33025,-0.33399,-0.34495,-0.36351,-0.38849,-0.41854,-0.45071,-0.48244,-0.51153,-0.53675,-0.55722,-0.5732,-0.58478,-0.59189,-0.59417,-0.59152,-0.58407,-0.57288,-0.55951,-0.54613,-0.53431,-0.52514,-0.51821,-0.51264,-0.50706,-0.50057,-0.49264,-0.48343,-0.47316,-0.46208,-0.45023,-0.43747,-0.42368,-0.40892,-0.39329,-0.37729,-0.36193,-0.34812,-0.33665,-0.32913,-0.32665,-0.33034,-0.34109,-0.35956,-0.38457,-0.41482,-0.44735,-0.47962,-0.50936,-0.5353,-0.55649,-0.57307,-0.58501,-0.5922,-0.59434,-0.59154,-0.58416,-0.57329,-0.56042,-0.54751,-0.53589,-0.52655,-0.51917,-0.5131,-0.50723,-0.50074,-0.49301,-0.48403,-0.47386,-0.46266,-0.45058,-0.43768,-0.42399,-0.40946,-0.39412,-0.37833,-0.36298,-0.34896,-0.33723,-0.32949,-0.32683,-0.33029,-0.34067,-0.35855,-0.38281,-0.4123,-0.44427,-0.4763,-0.50608,-0.53221,-0.55351,-0.57003,-0.58176,-0.58869,-0.59073,-0.5881,-0.58108,-0.57059,-0.55785,-0.54409,-0.53009,-0.51636
0.69955,0.70147,0.70371,0.70632,0.70917,0.7121,0.71487,0.71726,0.71927,0.72093,0.72227,0.72323,0.72379,0.72391,0.7237,0.72326,0.72269,0.72377,0.72783,0.73715,0.75338,0.77776,0.80782,0.84151,0.87434,0.90272,0.92371,0.93646,0.94018,0.93549,0.92255,0.9012,0.87087,0.83239,0.78779,0.74052,0.69477,0.65561,0.62627,0.60837,0.60113,0.603,0.6119,0.62533,0.64057,0.65622,0.67118,0.68415,0.6948,0.70356,0.7107,0.71628,0.72053,0.7235,0.72519,0.7255,0.72498,0.72583,0.72985,0.73953,0.75676,0.78221,0.81297,0.84667,0.87894,0.90638,0.92635,0.93802,0.94059,0.93473,0.92075,0.89861,0.86802,0.82983,0.78566,0.73831,0.69249,0.65385,0.62592,0.61054,0.60729,0.61326,0.62492,0.63924,0.65374,0.66731,0.67954,0.68989,0.69852,0.70601,0.71236,0.71765,0.72205,0.72523,0.72648,0.72574,0.72418,0.72445,0.72856,0.73941,0.75896,0.78676,0.81914,0.85365,0.88604,0.91272,0.93153,0.94215,0.94404,0.9378,0.92367,0.90159,0.87115,0.83282,0.78803,0.73999,0.69351,0.65405,0.62511,0.60877,0.60444,0.60922,0.61995,0.634,0.64894,0.66344,0.67698,0.6891,0.6997,0.70878,0.71624,0.72213,0.72641,0.72885,0.72953,0.72899,0.72783,0.72812,0.73164,0.7409,0.7574,0.78197,0.81194,0.84523,0.87743,0.90508,0.92537,0.9376,0.94094,0.93589,0.92259,0.90092,0.87037,0.83166,0.78678,0.73925,0.6932,0.65363,0.62385,0.60559,0.59806,0.59981,0.6086,0.62205,0.63745,0.65335,0.66854,0.68204,0.69348,0.70306,0.71087,0.71694,0.72127,0.72393,0.7252,0.72539,0.72486,0.72564,0.72928,0.73816,0.75405,0.77817,0.80806,0.84161,0.87431,0.90253,0.92331,0.93582,0.9393,0.93439,0.92131,0.89987,0.8695,0.83094,0.78621,0.73879,0.69288,0.65353,0.62392,0.6057,0.59813,0.59977,0.60851,0.62201,0.63756,0.65357,0.66883,0.68226,0.69347,0.70281,0.71052,0.71662,0.7211,0.72398,0.72544,0.72564,0.72501,0.7257,0.72937,0.73852,0.75496,0.7797,0.81005,0.8439,0.87658,0.90456,0.92507,0.9373,0.94036,0.93495,0.92138,0.8995,0.8689,0.83048,0.78615,0.73896,0.69329,0.65448,0.62596,0.60942,0.60429,0.60837,0.61887,0.63286,0.64772,0.66228,0.67579,0.68724,0.69656,0.70433,0.71074,0.7159,0.72007,0.72319,0.72479,0.72454,0.72339,0.72398,0.72826,0.73899,0.75819,0.78574,0.81801,0.85246,0.88479,0.91166,0.9306,0.94149,0.94369,0.93776,0.92383,0.90201,0.87132,0.83261,0.78747,0.73893,0.69199,0.65264,0.62427,0.60884,0.6059,0.61216,0.62399,0.63853,0.65338,0.66727,0.67985,0.69082,0.70031,0.70854,0.71545,0.72113,0.72561,0.72844,0.72934,0.72858,0.72709,0.72701,0.73032,0.73988,0.75732,0.78278,0.81354,0.84739,0.87976,0.90722,0.92731,0.9393,0.94244,0.93726,0.92387,0.90218,0.8717,0.83304,0.78807,0.74029,0.69391,0.65408,0.62421,0.60621,0.59928,0.60175,0.61107,0.62477,0.64019,0.65593,0.67088,0.68428,0.69577,0.70544,0.71331,0.7194,0.72372,0.72628,0.72741,0.72752,0.72694,0.72764,0.73122,0.74004,0.75577,0.77965,0.80924,0.84245,0.87482,0.90278,0.92337,0.93576,0.93913,0.9341,0.92088,0.8993,0.8688,0.83013,0.78532,0.73782,0.69182,0.6524,0.62277,0.60457,0.59706,0.5988,0.6076,0.62111,0.63665,0.6527,0.66801,0.68155,0.69296,0.70252,0.7104,0.71663,0.72118,0.72408,0.7255,0.72575,0.72521,0.72594,0.72958,0.73851,0.75448,0.77866,0.80854,0.84203,0.87465,0.90284,0.92368,0.93631,0.93988,0.93497,0.9218,0.90022,0.86975,0.83124,0.78673,0.73955,0.69371,0.65325,0.61895,0.58846
-0.35431,-0.36021,-0.36699,-0.37504,-0.38424,-0.39425,-0.40456,-0.41474,-0.42463,-0.43433,-0.44388,-0.45323,-0.46232,-0.47093,-0.47874,-0.48544,-0.49077,-0.49529,-0.49934,-0.50368,-0.50877,-0.51484,-0.52021,-0.52391,-0.52437,-0.52052,-0.5117,-0.4984,-0.48083,-0.45949,-0.43458,-0.40603,-0.37352,-0.3377,-0.30028,-0.26368,-0.23063,-0.20424,-0.1864,-0.17777,-0.17786,-0.18587,-0.20075,-0.22089,-0.24409,-0.2689,-0.29407,-0.31835,-0.34131,-0.36333,-0.38462,-0.40513,-0.42491,-0.44357,-0.46035,-0.47451,-0.48567,-0.49424,-0.50082,-0.5067,-0.51277,-0.51929,-0.52471,-0.52803,-0.52771,-0.5229,-0.51317,-0.49907,-0.4808,-0.45884,-0.43336,-0.40427,-0.3714,-0.33553,-0.29824,-0.2616,-0.22862,-0.2027,-0.18583,-0.17873,-0.18112,-0.19152,-0.20811,-0.22888,-0.25177,-0.27551,-0.29928,-0.32225,-0.3443,-0.36588,-0.38695,-0.40736,-0.42709,-0.44568,-0.46204,-0.47548,-0.48602,-0.49435,-0.50099,-0.50731,-0.51423,-0.52146,-0.52709,-0.5302,-0.5295,-0.52408,-0.51369,-0.499,-0.4803,-0.458,-0.43222,-0.40296,-0.37014,-0.33432,-0.29686,-0.25999,-0.22672,-0.20034,-0.18284,-0.1751,-0.17685,-0.18659,-0.2026,-0.22314,-0.24633,-0.27073,-0.29542,-0.31959,-0.34297,-0.36554,-0.38723,-0.40798,-0.42776,-0.4461,-0.46234,-0.47607,-0.48692,-0.49518,-0.50126,-0.50641,-0.51143,-0.51675,-0.52111,-0.5238,-0.52341,-0.51889,-0.50955,-0.49584,-0.47794,-0.4562,-0.43087,-0.402,-0.36934,-0.33345,-0.29596,-0.25926,-0.22602,-0.19936,-0.18124,-0.17244,-0.17247,-0.18052,-0.19542,-0.21559,-0.2389,-0.26391,-0.28934,-0.31406,-0.33761,-0.36017,-0.38182,-0.40261,-0.42246,-0.44106,-0.45777,-0.472,-0.48317,-0.4916,-0.49772,-0.5028,-0.50776,-0.51328,-0.51808,-0.52135,-0.52152,-0.51746,-0.50843,-0.4949,-0.47711,-0.45555,-0.43048,-0.40184,-0.36933,-0.33354,-0.29613,-0.25949,-0.22637,-0.19986,-0.18186,-0.17301,-0.17286,-0.18068,-0.19539,-0.21546,-0.23883,-0.26389,-0.28933,-0.31397,-0.33734,-0.35972,-0.38131,-0.40215,-0.42218,-0.44098,-0.45783,-0.47212,-0.48331,-0.49176,-0.49799,-0.50336,-0.50873,-0.51463,-0.51965,-0.52301,-0.52301,-0.51863,-0.50933,-0.49563,-0.47764,-0.45588,-0.43059,-0.40168,-0.36889,-0.33301,-0.29569,-0.25916,-0.2262,-0.20009,-0.18283,-0.17513,-0.17662,-0.18619,-0.20234,-0.22313,-0.24635,-0.27065,-0.29507,-0.31856,-0.34091,-0.36259,-0.38369,-0.40406,-0.42369,-0.44217,-0.45861,-0.47221,-0.48288,-0.49133,-0.49812,-0.50451,-0.51138,-0.5186,-0.52426,-0.52737,-0.5266,-0.52119,-0.51077,-0.49615,-0.47758,-0.45543,-0.42981,-0.40073,-0.36777,-0.33172,-0.29406,-0.25691,-0.2234,-0.19713,-0.18004,-0.17301,-0.17583,-0.18675,-0.20377,-0.22495,-0.24826,-0.27235,-0.29647,-0.31993,-0.34263,-0.36476,-0.38615,-0.40671,-0.4264,-0.44473,-0.46086,-0.47435,-0.48502,-0.4932,-0.49931,-0.50473,-0.51023,-0.51593,-0.52053,-0.52328,-0.52273,-0.51789,-0.50824,-0.49421,-0.47601,-0.45406,-0.42855,-0.39956,-0.3669,-0.33107,-0.29359,-0.25679,-0.2234,-0.19659,-0.17841,-0.16977,-0.17024,-0.17887,-0.19428,-0.21479,-0.23828,-0.26331,-0.28869,-0.31344,-0.33712,-0.35983,-0.3816,-0.40238,-0.42215,-0.44057,-0.4571,-0.4712,-0.48234,-0.49078,-0.49689,-0.50189,-0.50666,-0.51187,-0.51633,-0.51929,-0.5192,-0.51496,-0.50581,-0.49218,-0.47428,-0.45262,-0.42746,-0.39877,-0.36623,-0.33042,-0.29297,-0.25626,-0.22303,-0.19643,-0.17838,-0.16957,-0.16952,-0.17747,-0.19229,-0.21244,-0.23582,-0.2609,-0.28636,-0.31103,-0.33446,-0.35691,-0.37852,-0.39934,-0.41929,-0.43797,-0.4547,-0.4689,-0.48001,-0.48843,-0.49464,-0.49992,-0.50513,-0.51086,-0.51577,-0.51906,-0.51915,-0.51499,-0.50594,-0.49246,-0.47472,-0.45318,-0.42806,-0.39931,-0.36666,-0.33081,-0.29348,-0.25697,-0.22395,-0.1971,-0.1764,-0.15911
0.000041962,-0.00076804,-0.0015443,-0.0022236,-0.0027117,-0.0029395,-0.0029085,-0.0027687,-0.0026778,-0.0027132,-0.0029018,-0.003146,-0.0032677,-0.003164,-0.0029485,-0.0027265,-0.0026486,-0.0026893,-0.0024861,-0.0013865,0.0011715,0.0054447,0.01104,0.016865,0.021606,0.024188,0.024621,0.023795,0.02303,0.023306,0.025075,0.027414,0.029096,0.029337,0.028273,0.026696,0.025338,0.024357,0.022836,0.019073,0.011395,0.000044974,-0.013259,-0.026016,-0.035704,-0.040954,-0.042596,-0.043145,-0.044745,-0.048488,-0.05379,-0.058824,-0.061208,-0.060406,-0.057487,-0.054556,-0.052422,-0.051294,-0.048902,-0.042123,-0.028461,-0.009384,0.012296,0.032385,0.04739,0.05593,0.06007,0.062995,0.067365,0.073862,0.080965,0.086097,0.087381,0.084927,0.080845,0.078013,0.07705,0.076623,0.073537,0.064206,0.046414,0.02285,-0.002137,-0.023874,-0.039263,-0.047876,-0.052798,-0.057565,-0.064358,-0.072688,-0.080305,-0.084609,-0.084478,-0.081098,-0.077789,-0.077296,-0.079441,-0.081779,-0.08033,-0.071301,-0.053948,-0.031777,-0.0095988,0.0081418,0.019242,0.025533,0.030352,0.036716,0.045699,0.055899,0.063894,0.067495,0.066543,0.063145,0.060479,0.0609,0.063864,0.06666,0.065711,0.059085,0.046434,0.031017,0.016529,0.0060135,-0.00091933,-0.0053648,-0.010045,-0.016297,-0.024231,-0.031542,-0.036245,-0.037185,-0.035355,-0.032946,-0.032387,-0.034559,-0.03854,-0.041868,-0.041921,-0.037444,-0.029353,-0.020126,-0.012389,-0.0076646,-0.0062105,-0.0062827,-0.0058865,-0.004088,-0.0014336,0.0015495,0.0031384,0.0027809,0.0013605,0.00057818,0.0013318,0.0041147,0.0082172,0.011949,0.01387,0.013657,0.011945,0.0096489,0.0079574,0.007362,0.0074621,0.0076291,0.0073435,0.0064503,0.0053809,0.0048328,0.004903,0.0057156,0.0067208,0.0071896,0.0066853,0.0054449,0.0035959,0.0017999,0.00059845,0.0001041,0.00029119,0.0011702,0.0024414,0.003744,0.0048283,0.0054622,0.0055811,0.0053594,0.0051231,0.0051546,0.005523,0.0060497,0.0064308,0.0064343,0.0060508,0.005506,0.0049898,0.0045707,0.0038772,0.0028499,0.00062329,-0.0030027,-0.0076493,-0.012155,-0.016425,-0.019247,-0.020567,-0.021237,-0.022563,-0.024813,-0.02807,-0.031484,-0.033747,-0.034132,-0.032934,-0.031324,-0.029947,-0.029017,-0.0284,-0.025904,-0.019469,-0.0093632,0.0028076,0.01619,0.027581,0.03516,0.039634,0.043106,0.046853,0.052136,0.058357,0.063633,0.066128,0.065311,0.062391,0.059645,0.057957,0.056833,0.054047,0.046558,0.032004,0.012024,-0.0099556,-0.029818,-0.044279,-0.052224,-0.055908,-0.058837,-0.06354,-0.070533,-0.078167,-0.083851,-0.085684,-0.083957,-0.080886,-0.079308,-0.079629,-0.080253,-0.077713,-0.068257,-0.049725,-0.02546,-0.000012286,0.021768,0.036743,0.044594,0.049331,0.052929,0.05777,0.063597,0.068081,0.068283,0.06632,0.062933,0.060704,0.0622,0.067101,0.071305,0.0712,0.063599,0.047418,0.026261,0.0049167,-0.0124,-0.023726,-0.02978,-0.033958,-0.039233,-0.046623,-0.054788,-0.061118,-0.063589,-0.062172,-0.058932,-0.056838,-0.057953,-0.061529,-0.065673,-0.067556,-0.064434,-0.056021,-0.045481,-0.034765,-0.025229,-0.018132,-0.012437,-0.0056043,0.0030532,0.012526,0.021158,0.026807,0.028423,0.026871,0.024511,0.023824,0.025941,0.030262,0.034333,0.035645,0.03305,0.027336,0.020106,0.013849,0.0099535,0.0081764,0.0070754,0.0053747,0.0023335,-0.0014844,-0.0046678,-0.0060754,-0.0054218,-0.0036396,-0.002319,-0.0027276,-0.004755,-0.0076737,-0.010049,-0.010678,-0.0093707,-0.0072075,-0.0050952,-0.0039101,-0.003951,-0.0047577,-0.0054172,-0.0054379,-0.0047685,-0.0038308,-0.0032468,-0.0034266,-0.0042921,-0.0053467,-0.0059731,-0.0058138,-0.0050001,-0.0038716,-0.0029377,-0.0026349,-0.0030873,-0.0040478,-0.0054711,-0.0071587,-0.0087375,-0.0098472,-0.010337,-0.010142,-0.0095101,-0.0089163,-0.008775,-0.0091857,-0.0099127,-0.010479,-0.010517,-0.010002,-0.0092701,-0.0085255,-0.0079044,-0.0069816,-0.0048693,-0.00063874,0.0057366,0.013647,0.02161,0.027914,0.031451,0.032445,0.032097,0.032044,0.03338,0.036032,0.038865,0.040451,0.040002,0.037891,0.035466,0.034484,0.036287,0.040979,0.047383
0,0,0,0,0,0,0,0,0,0,0,0,0,0,0,0,0,0,0,0,0,0,0,0,0,0,0,0,0,0,0,0,0,0,0,0,0,0,0,0,0,0,0,0,0,0,0,0,0,0,0,0,0,0,0,0,0,0,0,0,0,0,0,0,0,0,0,0,0,0,0,0,0,0,0,0,0,0,0,0,0,0,0,0,0,0,0,0,0,0,0,0,0,0,0,0,0,0,0,0,0,0,0,0,0,0,0,0,0,0,0,0,0,0,0,0,0,0,0,0,0,0,0,0,0,0,0,0,0,0,0,0,0,0,0,0,0,0,0,0,0,0,0,0,0,0,0,0,0,0,0,0,0,0,0,0,0,0,0,0,0,0,0,0,0,0,0,0,0,0,0,0,0,0,0,0,0,0,0,0,0,0,0,0,0,0,0,0,0,0,0,0,0,0,0,0,0,0,0,0,0,0,0,0,0,0,0,0,0,0,0,0,0,0,0,0,0,0,0,0,0,0,0,0,0,0,0,0,0,0,0,0,0,0,0,0,0,0,0,0,0,0,0,0,0,0,0,0,0,0,0,0,0,0,0,0,0,0,0,0,0,0,0,0,0,0,0,0,0,0,0,0,0,0,0,0,0,0,0,0,0,0,0,0,0,0,0,0,0,0,0,0,0,0,0,0,0,0,0,0,0,0,0,0,0,0,0,0,0,0,0,0,0,0,0,0,0,0,0,0,0,0,0,0,0,0,0,0,0,0,0,0,0,0,0,0,0,0,0,0,0,0,0,0,0,0,0,0,0,0,0,0,0,0,0,0,0,0,0,0,0,0,0,0,0,0,0,0,0,0,0,0,0,0,0,0,0,0,0,0,0,0,0,0,0,0,0,0,0,0,0,0,0,0,0,0,0,0,0,0
0.000041962,0.00086573,0.001657,0.0023532,0.0028581,0.0030986,0.0030741,0.0029368,0.0028467,0.0028816,0.0030685,0.0033076,0.0034172,0.0032927,0.0030509,0.002799,0.0026911,0.0027064,0.0024974,0.0014354,-0.0010123,-0.0050875,-0.010408,-0.015929,-0.020403,-0.022821,-0.023208,-0.02242,-0.021723,-0.022057,-0.023851,-0.026226,-0.028008,-0.02844,-0.027651,-0.026396,-0.025337,-0.024588,-0.023193,-0.01941,-0.01154,0.00016042,0.013927,0.027178,0.03729,0.04282,0.044597,0.0452,0.04683,0.0506,0.055893,0.060811,0.062898,0.061611,0.05807,0.054468,0.051736,0.050162,0.047549,0.04085,0.02761,0.0092229,-0.011589,-0.030796,-0.045067,-0.053109,-0.056942,-0.059664,-0.063851,-0.070185,-0.077232,-0.082534,-0.084297,-0.082612,-0.079477,-0.077609,-0.077472,-0.07765,-0.074889,-0.065563,-0.047463,-0.023371,0.0022926,0.024713,0.040674,0.049706,0.054954,0.060006,0.067076,0.075616,0.083267,0.087329,0.086635,0.082425,0.078151,0.076698,0.078027,0.079775,0.078044,0.069094,0.052139,0.030558,0.0090532,-0.0080911,-0.018768,-0.024737,-0.029228,-0.035196,-0.043715,-0.053491,-0.061281,-0.065005,-0.064516,-0.061831,-0.059971,-0.061144,-0.064711,-0.06793,-0.067201,-0.060603,-0.047828,-0.032211,-0.017484,-0.0067687,0.00033624,0.004964,0.0099107,0.016498,0.024803,0.032404,0.03722,0.038041,0.035895,0.033045,0.032019,0.033768,0.037415,0.040514,0.04047,0.03603,0.028073,0.019005,0.011405,0.0067465,0.0052682,0.0053017,0.0049324,0.0032425,0.00073661,-0.0020784,-0.0035699,-0.0032192,-0.0018827,-0.0012008,-0.0020436,-0.0048725,-0.008991,-0.012732,-0.014659,-0.014453,-0.012758,-0.010488,-0.0088319,-0.0082872,-0.0084407,-0.0086426,-0.0083507,-0.0074121,-0.0062797,-0.0056811,-0.0057147,-0.0065111,-0.0075056,-0.0079504,-0.0073955,-0.0060964,-0.0041932,-0.0023612,-0.0011411,-0.0006401,-0.00081551,-0.0016646,-0.0028843,-0.0041267,-0.0051576,-0.0057606,-0.0058773,-0.0056759,-0.0054674,-0.0055211,-0.0059027,-0.0064416,-0.0068467,-0.0068948,-0.0065765,-0.0061076,-0.0056614,-0.0052949,-0.0046209,-0.0035804,-0.0012832,0.0024794,0.0073199,0.012035,0.016515,0.019495,0.020901,0.021607,0.022961,0.025235,0.028507,0.031889,0.034031,0.034188,0.032671,0.030699,0.028987,0.0278,0.027017,0.024505,0.01825,0.0085025,-0.0031801,-0.015984,-0.026833,-0.034005,-0.038208,-0.041485,-0.045077,-0.050217,-0.056352,-0.061689,-0.064469,-0.064172,-0.061939,-0.05993,-0.05889,-0.05825,-0.055722,-0.04822,-0.033366,-0.012863,0.0097897,0.030347,0.045395,0.05375,0.0577,0.060824,0.065706,0.072846,0.080512,0.086007,0.087359,0.08488,0.080886,0.078355,0.077849,0.077867,0.075029,0.065654,0.047588,0.024038,-0.00055817,-0.021529,-0.035873,-0.04331,-0.047715,-0.051065,-0.055672,-0.061322,-0.065809,-0.066332,-0.064893,-0.062224,-0.060801,-0.063053,-0.068543,-0.073203,-0.073346,-0.065738,-0.049306,-0.027741,-0.0058958,0.011895,0.023598,0.029938,0.034397,0.039987,0.047719,0.056163,0.062582,0.064869,0.062988,0.059078,0.056234,0.05664,0.059636,0.063349,0.064964,0.061757,0.053408,0.042984,0.032418,0.023042,0.016096,0.010597,0.0040901,-0.004115,-0.013091,-0.021303,-0.026724,-0.028362,-0.027055,-0.025068,-0.02477,-0.027212,-0.031774,-0.036013,-0.037415,-0.034836,-0.029096,-0.021822,-0.015523,-0.011617,-0.0098522,-0.0087349,-0.0069436,-0.0037362,0.00028391,0.0036369,0.0051287,0.0044574,0.0025828,0.0011456,0.0014618,0.0034377,0.0063367,0.0087105,0.0093567,0.0080768,0.0059338,0.0038248,0.0026179,0.0026052,0.0033415,0.0039479,0.003954,0.0033071,0.0024095,0.0018565,0.0020412,0.0028881,0.0039184,0.0045352,0.0043937,0.0036235,0.0025464,0.0016578,0.0013927,0.0018813,0.002885,0.0043723,0.0061453,0.0078156,0.0090009,0.0095337,0.0093409,0.0086808,0.008048,0.0078743,0.0082639,0.0089728,0.009507,0.0094874,0.0088894,0.0080621,0.0072278,0.0065403,0.0055964,0.0035394,-0.00052739,-0.0066272,-0.014171,-0.02174,-0.027705,-0.031028,-0.031941,-0.031608,-0.0316,-0.032969,-0.035649,-0.038554,-0.040316,-0.040171,-0.03847,-0.036494,-0.035934,-0.038092,-0.043067,-0.049707
-0.44942,-0.47454,-0.49967,-0.5251,-0.54983,-0.57249,-0.59216,-0.60808,-0.61957,-0.62682,-0.62989,-0.62872,-0.62314,-0.61345,-0.60023,-0.58475,-0.56856,-0.55364,-0.5411,-0.53157,-0.52448,-0.51892,-0.51362,-0.50761,-0.50025,-0.49147,-0.4814,-0.47022,-0.45815,-0.4453,-0.43174,-0.41741,-0.40226,-0.38667,-0.37151,-0.35768,-0.34608,-0.33845,-0.33582,-0.33916,-0.34923,-0.36668,-0.39048,-0.41957,-0.45129,-0.48325,-0.51306,-0.53908,-0.56006,-0.57606,-0.58718,-0.59355,-0.59527,-0.59254,-0.58554,-0.57497,-0.56232,-0.54963,-0.5385,-0.5302,-0.52472,-0.52091,-0.51722,-0.51231,-0.5054,-0.4965,-0.48607,-0.4745,-0.46222,-0.44934,-0.4358,-0.42149,-0.4064,-0.39087,-0.3757,-0.36174,-0.35004,-0.34233,-0.33954,-0.34263,-0.35241,-0.36931,-0.39229,-0.42047,-0.45135,-0.48244,-0.51127,-0.53625,-0.55618,-0.57134,-0.58203,-0.58855,-0.59085,-0.58877,-0.58194,-0.57099,-0.55776,-0.5447,-0.53374,-0.52639,-0.52252,-0.52022,-0.51738,-0.51262,-0.50535,-0.49574,-0.48466,-0.47283,-0.46065,-0.44797,-0.43455,-0.42023,-0.405,-0.38921,-0.37381,-0.35984,-0.34828,-0.34068,-0.33798,-0.34134,-0.35151,-0.36907,-0.39303,-0.42242,-0.45415,-0.48568,-0.51461,-0.53959,-0.55963,-0.57518,-0.58641,-0.59336,-0.59567,-0.59314,-0.58579,-0.57468,-0.56145,-0.54828,-0.53679,-0.5281,-0.5217,-0.51649,-0.51109,-0.5046,-0.49647,-0.48696,-0.47648,-0.46531,-0.45346,-0.44086,-0.4273,-0.41273,-0.39728,-0.38152,-0.36647,-0.35305,-0.34202,-0.33485,-0.33252,-0.3361,-0.34657,-0.36473,-0.38954,-0.41977,-0.45243,-0.48485,-0.51466,-0.54054,-0.56154,-0.5779,-0.58963,-0.59661,-0.59855,-0.59552,-0.58783,-0.57666,-0.56353,-0.55043,-0.53868,-0.52925,-0.52179,-0.51559,-0.5096,-0.50298,-0.49515,-0.4861,-0.47593,-0.46476,-0.45273,-0.43988,-0.42622,-0.41176,-0.39652,-0.38091,-0.36581,-0.35211,-0.34065,-0.33312,-0.33059,-0.33426,-0.34493,-0.36326,-0.38807,-0.41818,-0.45055,-0.48272,-0.51244,-0.53833,-0.55928,-0.57546,-0.58689,-0.59349,-0.59513,-0.59204,-0.58453,-0.57358,-0.56066,-0.54777,-0.53623,-0.52722,-0.52061,-0.51555,-0.51075,-0.50532,-0.49833,-0.48972,-0.47971,-0.4686,-0.45658,-0.44385,-0.43043,-0.41621,-0.40118,-0.38571,-0.37063,-0.35682,-0.34526,-0.33764,-0.33493,-0.33804,-0.34775,-0.36462,-0.38766,-0.41597,-0.44704,-0.47846,-0.50779,-0.53328,-0.55367,-0.56908,-0.57978,-0.58606,-0.588,-0.58564,-0.57882,-0.56807,-0.55508,-0.54222,-0.53131,-0.52379,-0.51967,-0.51725,-0.51449,-0.50994,-0.50295,-0.49365,-0.4827,-0.47081,-0.45841,-0.44547,-0.43178,-0.41729,-0.40194,-0.38611,-0.3707,-0.3567,-0.34512,-0.3376,-0.33501,-0.33829,-0.34825,-0.36535,-0.38862,-0.41721,-0.44845,-0.47976,-0.50867,-0.53371,-0.55378,-0.56919,-0.58027,-0.58719,-0.58971,-0.58757,-0.58059,-0.56959,-0.55631,-0.54296,-0.53125,-0.5226,-0.51668,-0.512,-0.50722,-0.50137,-0.49378,-0.48465,-0.47459,-0.46388,-0.45256,-0.44043,-0.42724,-0.41292,-0.39756,-0.3817,-0.36646,-0.35287,-0.34171,-0.33445,-0.33202,-0.33544,-0.34558,-0.36325,-0.3875,-0.41722,-0.44947,-0.4816,-0.51118,-0.53684,-0.5576,-0.57375,-0.58537,-0.5924,-0.5945,-0.59167,-0.58413,-0.57305,-0.55995,-0.54685,-0.53517,-0.52587,-0.51849,-0.51228,-0.50614,-0.49925,-0.49113,-0.48189,-0.47167,-0.46059,-0.44869,-0.43591,-0.4222,-0.40761,-0.39223,-0.37657,-0.36158,-0.34808,-0.33686,-0.32954,-0.32717,-0.33087,-0.34157,-0.35999,-0.38494,-0.41517,-0.44776,-0.48012,-0.50996,-0.53597,-0.55714,-0.57359,-0.58532,-0.5922,-0.59402,-0.59092,-0.58329,-0.57221,-0.55921,-0.54623,-0.53461,-0.52537,-0.51824,-0.51247,-0.50699,-0.50087,-0.49342,-0.48462,-0.47458,-0.46348,-0.45152,-0.43879,-0.4253,-0.41102,-0.39593,-0.3804,-0.36533,-0.35159,-0.3401,-0.33186,-0.32664,-0.32286
0.69946,0.73855,0.77607,0.8117,0.84344,0.86917,0.88795,0.89929,0.90256,0.89828,0.88666,0.86754,0.84048,0.80626,0.76667,0.72477,0.68419,0.64923,0.62257,0.60599,0.59899,0.60053,0.609,0.62236,0.63787,0.65398,0.66939,0.68298,0.69438,0.70396,0.7119,0.7182,0.72284,0.72582,0.72728,0.72747,0.72677,0.72735,0.7309,0.73985,0.75598,0.78039,0.81052,0.84413,0.87671,0.90474,0.92534,0.93753,0.9405,0.93493,0.92109,0.89886,0.86797,0.82928,0.78476,0.73757,0.6921,0.65345,0.62503,0.6084,0.60285,0.60628,0.61613,0.62967,0.64435,0.65906,0.67297,0.68503,0.69495,0.70321,0.71,0.71547,0.71989,0.72329,0.72528,0.72547,0.72466,0.72542,0.7297,0.74026,0.75922,0.78654,0.81864,0.85297,0.88521,0.91193,0.93083,0.94141,0.94317,0.9369,0.92277,0.90068,0.87024,0.83208,0.78749,0.7396,0.69346,0.65474,0.62683,0.61153,0.60829,0.61385,0.62477,0.63845,0.65276,0.66634,0.67885,0.68978,0.69913,0.70711,0.71384,0.7195,0.72418,0.72745,0.72883,0.72844,0.72713,0.72728,0.73091,0.74092,0.75908,0.78546,0.81682,0.85087,0.88316,0.91028,0.92986,0.94146,0.94444,0.93928,0.92597,0.90433,0.87383,0.83513,0.79022,0.74276,0.69711,0.65818,0.629,0.61118,0.60379,0.60512,0.6131,0.62565,0.64031,0.65565,0.67049,0.68379,0.6951,0.70458,0.71235,0.71855,0.72319,0.72617,0.72767,0.72798,0.72739,0.72792,0.73129,0.73999,0.75576,0.77984,0.80965,0.84307,0.87556,0.90355,0.9241,0.93645,0.93978,0.93464,0.92118,0.89924,0.86833,0.82932,0.78441,0.73707,0.69141,0.65231,0.62282,0.60451,0.59668,0.59807,0.60669,0.62026,0.63602,0.65236,0.66791,0.68155,0.69297,0.70258,0.71059,0.71705,0.72189,0.72506,0.72667,0.72699,0.72641,0.72704,0.73054,0.73938,0.75533,0.77959,0.80959,0.84321,0.87585,0.90388,0.9244,0.93662,0.93972,0.93437,0.92079,0.89884,0.86804,0.82922,0.78445,0.73716,0.6915,0.65246,0.62322,0.60553,0.59864,0.60094,0.61018,0.6241,0.63967,0.65547,0.67048,0.68363,0.69442,0.70338,0.7108,0.71672,0.72125,0.72452,0.72646,0.72692,0.72642,0.72728,0.73131,0.74105,0.75849,0.7842,0.81517,0.84898,0.88123,0.90851,0.92821,0.9395,0.94169,0.93552,0.92127,0.89887,0.86801,0.82947,0.78483,0.73705,0.69098,0.65232,0.62453,0.60926,0.60588,0.61147,0.62263,0.63651,0.65091,0.66481,0.67753,0.68883,0.69859,0.70701,0.7141,0.72019,0.72472,0.72772,0.72886,0.72808,0.72635,0.72658,0.73054,0.74102,0.75994,0.78709,0.81895,0.85314,0.88538,0.91219,0.93128,0.9423,0.9447,0.93904,0.9254,0.90364,0.8733,0.83491,0.79013,0.74242,0.69651,0.65741,0.62828,0.61104,0.60482,0.60716,0.61591,0.62887,0.64348,0.65843,0.67291,0.68588,0.69701,0.70644,0.71419,0.72046,0.72525,0.72833,0.72975,0.72986,0.72901,0.72931,0.73258,0.74142,0.75749,0.78188,0.81183,0.8452,0.87754,0.90533,0.92571,0.93804,0.94151,0.93654,0.92323,0.9014,0.87054,0.83153,0.78659,0.7393,0.69376,0.65478,0.62534,0.60696,0.59884,0.59974,0.6078,0.62082,0.63615,0.65222,0.66765,0.68128,0.69271,0.70229,0.71026,0.71668,0.72152,0.72473,0.72646,0.72692,0.72647,0.72721,0.73078,0.73963,0.75553,0.77971,0.80958,0.84302,0.87553,0.9035,0.92398,0.9362,0.93938,0.9341,0.92054,0.89856,0.86762,0.82854,0.78346,0.73589,0.68998,0.65074,0.62134,0.60335,0.59601,0.59786,0.60684,0.62058,0.63637,0.65269,0.66833,0.68214,0.69371,0.70338,0.71138,0.71775,0.72252,0.72577,0.72762,0.72816,0.72762,0.7264,0.72479,0.72292
-0.34979,-0.36367,-0.37599,-0.38612,-0.39309,-0.39613,-0.39524,-0.39068,-0.38246,-0.37093,-0.35622,-0.33825,-0.31676,-0.29224,-0.26589,-0.2395,-0.21511,-0.19507,-0.18098,-0.17403,-0.17436,-0.18188,-0.1962,-0.21613,-0.23946,-0.26459,-0.2901,-0.31477,-0.33817,-0.36063,-0.38231,-0.40319,-0.42315,-0.44176,-0.45829,-0.47217,-0.48295,-0.49107,-0.4971,-0.50231,-0.50756,-0.51334,-0.51828,-0.52148,-0.52133,-0.51683,-0.50742,-0.49352,-0.47535,-0.45344,-0.42802,-0.39898,-0.36617,-0.3303,-0.29305,-0.25671,-0.2241,-0.19825,-0.18116,-0.17343,-0.17457,-0.18352,-0.19904,-0.21933,-0.24229,-0.26665,-0.29136,-0.31527,-0.33798,-0.35985,-0.38101,-0.4014,-0.42108,-0.43973,-0.45645,-0.47032,-0.48114,-0.48958,-0.49628,-0.50264,-0.50971,-0.51737,-0.52364,-0.52734,-0.52695,-0.52164,-0.51119,-0.49638,-0.47762,-0.45549,-0.43004,-0.40107,-0.36834,-0.33252,-0.29505,-0.25819,-0.22514,-0.1993,-0.18246,-0.17523,-0.17721,-0.1868,-0.20232,-0.22216,-0.24459,-0.26828,-0.2923,-0.31569,-0.33812,-0.35981,-0.38078,-0.40111,-0.42089,-0.43958,-0.45611,-0.46978,-0.48039,-0.48846,-0.49467,-0.50053,-0.50703,-0.51406,-0.51978,-0.52322,-0.52298,-0.5181,-0.50828,-0.49431,-0.4765,-0.45509,-0.4301,-0.4014,-0.36874,-0.33279,-0.2953,-0.25878,-0.22603,-0.19998,-0.18227,-0.1735,-0.17317,-0.18047,-0.19449,-0.21392,-0.23681,-0.26164,-0.28698,-0.31161,-0.33499,-0.35733,-0.37879,-0.39951,-0.41946,-0.43812,-0.45475,-0.46873,-0.47955,-0.4876,-0.49348,-0.49856,-0.50369,-0.50938,-0.51422,-0.51735,-0.5172,-0.51278,-0.50349,-0.48986,-0.47209,-0.45053,-0.42534,-0.3965,-0.36373,-0.3278,-0.29052,-0.25423,-0.22151,-0.19534,-0.17748,-0.16855,-0.1682,-0.17586,-0.19059,-0.2109,-0.23459,-0.26003,-0.28576,-0.31055,-0.33399,-0.35645,-0.37815,-0.39912,-0.41924,-0.43803,-0.45471,-0.46869,-0.47952,-0.48765,-0.4936,-0.49868,-0.50374,-0.50932,-0.51406,-0.51713,-0.51699,-0.51257,-0.50323,-0.48949,-0.47153,-0.44979,-0.4245,-0.39565,-0.36302,-0.32727,-0.29012,-0.25394,-0.22133,-0.19528,-0.17764,-0.16917,-0.16945,-0.17768,-0.1928,-0.21332,-0.23687,-0.26193,-0.28733,-0.31191,-0.3351,-0.35733,-0.37882,-0.39951,-0.41936,-0.43803,-0.45477,-0.46879,-0.4797,-0.48808,-0.49452,-0.50036,-0.50654,-0.51331,-0.51899,-0.52246,-0.52217,-0.5172,-0.5072,-0.49274,-0.47415,-0.45202,-0.42647,-0.39736,-0.36442,-0.32837,-0.29082,-0.25395,-0.22087,-0.19504,-0.17834,-0.17132,-0.17348,-0.18337,-0.19927,-0.21941,-0.24195,-0.26575,-0.28981,-0.31332,-0.33592,-0.35784,-0.37904,-0.3996,-0.41927,-0.43775,-0.45411,-0.46756,-0.47797,-0.48617,-0.49271,-0.49903,-0.50619,-0.51392,-0.5202,-0.52395,-0.52371,-0.51859,-0.50837,-0.4939,-0.47561,-0.45386,-0.42861,-0.39972,-0.36696,-0.33096,-0.29334,-0.25658,-0.22369,-0.19764,-0.18008,-0.17169,-0.17198,-0.17978,-0.1941,-0.21361,-0.23635,-0.26089,-0.28598,-0.31039,-0.33364,-0.35592,-0.37733,-0.39802,-0.41801,-0.43674,-0.45336,-0.46727,-0.47799,-0.48593,-0.49174,-0.49689,-0.50225,-0.50825,-0.51333,-0.51659,-0.51648,-0.51203,-0.50268,-0.48906,-0.4714,-0.44997,-0.42489,-0.39608,-0.36327,-0.32721,-0.28977,-0.25338,-0.22068,-0.19458,-0.17675,-0.16777,-0.16722,-0.17451,-0.1888,-0.20871,-0.23209,-0.25735,-0.283,-0.30776,-0.33117,-0.35359,-0.37525,-0.39618,-0.4163,-0.43512,-0.45185,-0.46588,-0.47673,-0.48487,-0.49083,-0.49594,-0.50104,-0.50668,-0.51145,-0.51451,-0.51434,-0.5099,-0.50055,-0.48682,-0.46888,-0.44716,-0.42184,-0.39291,-0.36011,-0.32413,-0.28673,-0.25031,-0.21747,-0.19127,-0.17357,-0.165,-0.16516,-0.17331,-0.18845,-0.209,-0.23277,-0.25818,-0.28393,-0.30879,-0.33232,-0.35485,-0.37658,-0.3975,-0.41754,-0.43629,-0.45303,-0.4671,-0.47799,-0.48521,-0.4893,-0.49184
0.000041962,-0.00078592,-0.0015812,-0.0022808,-0.0027882,-0.0030299,-0.0030053,-0.0028674,-0.0027767,-0.0028118,-0.0029997,-0.00324,-0.0033501,-0.003225,-0.002982,-0.0027289,-0.0026205,-0.0026358,-0.0024258,-0.0013585,0.0011016,0.0051974,0.010545,0.016094,0.02059,0.023021,0.023409,0.022616,0.021916,0.022252,0.024055,0.026442,0.028233,0.028667,0.027874,0.026611,0.025547,0.024793,0.02339,0.019588,0.011678,-0.000080401,-0.013916,-0.027232,-0.037395,-0.042954,-0.04474,-0.045346,-0.046984,-0.050772,-0.056089,-0.061029,-0.063126,-0.061834,-0.058278,-0.054661,-0.051917,-0.050338,-0.047714,-0.040984,-0.027683,-0.0092086,0.011703,0.031002,0.04534,0.05342,0.057272,0.060008,0.064218,0.070587,0.077672,0.083003,0.084774,0.083077,0.079922,0.078042,0.077903,0.07808,0.075302,0.065925,0.047728,0.023509,-0.0022882,-0.024823,-0.040866,-0.049944,-0.055217,-0.06029,-0.06739,-0.075965,-0.083649,-0.087728,-0.087034,-0.082808,-0.078518,-0.07706,-0.078396,-0.080152,-0.078415,-0.069428,-0.052404,-0.030735,-0.0091408,0.0080745,0.018795,0.024789,0.029301,0.035297,0.043858,0.053682,0.061509,0.06525,0.064757,0.062055,0.060184,0.061363,0.064946,0.06818,0.067446,0.060814,0.047972,0.032276,0.017474,0.0067041,-0.00043662,-0.0050862,-0.010055,-0.01667,-0.025011,-0.032645,-0.037482,-0.038308,-0.036154,-0.033294,-0.032263,-0.03402,-0.037683,-0.040795,-0.040752,-0.036295,-0.028305,-0.0192,-0.011569,-0.0068918,-0.005408,-0.0054421,-0.0050713,-0.0033743,-0.00085775,0.0019692,0.003467,0.0031143,0.0017715,0.0010863,0.0019326,0.0047736,0.0089099,0.012667,0.014602,0.014395,0.012693,0.010412,0.0087482,0.008201,0.0083551,0.0085578,0.0082646,0.0073218,0.0061843,0.0055829,0.0056166,0.0064164,0.0074153,0.007862,0.0073046,0.0059997,0.004088,0.0022479,0.0010223,0.00051913,0.00069528,0.0015481,0.0027731,0.004021,0.0050564,0.005662,0.0057793,0.0055769,0.0053674,0.0054214,0.0058047,0.006346,0.0067528,0.0068012,0.0064814,0.0060104,0.0055623,0.0051941,0.0045171,0.0034721,0.0011647,-0.0026142,-0.0074757,-0.012211,-0.016711,-0.019704,-0.021116,-0.021825,-0.023185,-0.025469,-0.028754,-0.03215,-0.034301,-0.034459,-0.032936,-0.030957,-0.029238,-0.028047,-0.027261,-0.024738,-0.018457,-0.0086681,0.0030645,0.015923,0.026819,0.034022,0.038242,0.041534,0.045143,0.050307,0.056471,0.061833,0.064626,0.064326,0.062082,0.060061,0.059016,0.058371,0.055831,0.048293,0.033371,0.012775,-0.0099794,-0.030628,-0.045743,-0.054135,-0.058102,-0.061239,-0.066138,-0.073306,-0.081001,-0.086517,-0.087875,-0.085388,-0.08138,-0.078842,-0.078335,-0.078353,-0.075505,-0.066095,-0.047962,-0.024322,0.00036828,0.02142,0.035819,0.043284,0.047707,0.051071,0.055698,0.061372,0.065878,0.066401,0.064953,0.062271,0.06084,0.063102,0.068617,0.073296,0.073439,0.065795,0.049287,0.027624,0.0056813,-0.012189,-0.023944,-0.030312,-0.034788,-0.040399,-0.048159,-0.056633,-0.063077,-0.065373,-0.063487,-0.059565,-0.056711,-0.057119,-0.060127,-0.063854,-0.065475,-0.062257,-0.05388,-0.04342,-0.032817,-0.023408,-0.016437,-0.010917,-0.0043859,0.0038512,0.012862,0.021105,0.026547,0.028191,0.026878,0.024882,0.024582,0.027033,0.031613,0.035869,0.037276,0.034686,0.028922,0.021617,0.015292,0.011369,0.009597,0.0084749,0.0066765,0.0034565,-0.00057941,-0.0039457,-0.0054436,-0.0047702,-0.0028888,-0.0014464,-0.0017641,-0.0037478,-0.0066582,-0.0090412,-0.0096901,-0.0084056,-0.0062547,-0.0041378,-0.0029265,-0.0029139,-0.003653,-0.0042617,-0.0042679,-0.0036186,-0.0027176,-0.0021626,-0.002348,-0.0031981,-0.0042324,-0.0048516,-0.0047096,-0.0039366,-0.0028554,-0.0019635,-0.0016974,-0.0021879,-0.0031954,-0.0046884,-0.0064682,-0.0081447,-0.0093346,-0.0098694,-0.0096759,-0.0090134,-0.0083783,-0.0082039,-0.008595,-0.0093065,-0.0098428,-0.0098231,-0.009223,-0.0083925,-0.0075552,-0.0068651,-0.0059176,-0.0038528,0.00022971,0.0063531,0.013927,0.021525,0.027513,0.030848,0.031765,0.031431,0.031422,0.032797,0.035487,0.038403,0.040172,0.040026,0.038318,0.036334,0.035772,0.037938,0.042933,0.0496
1.3899,1.3901,1.3902,1.3904,1.3905,1.3905,1.3904,1.3902,1.3899,1.3896,1.3892,1.3889,1.3885,1.388,1.3874,1.3867,1.386,1.3853,1.3848,1.3849,1.3859,1.3882,1.3918,1.3962,1.4008,1.4049,1.4081,1.4106,1.4129,1.4156,1.4189,1.4227,1.4264,1.4295,1.4317,1.4333,1.4347,1.4362,1.4376,1.4383,1.4375,1.4349,1.4306,1.4254,1.42,1.4152,1.4108,1.4065,1.4015,1.3957,1.3892,1.3824,1.376,1.3704,1.3654,1.3607,1.356,1.3514,1.3477,1.3462,1.3482,1.3536,1.362,1.3717,1.3812,1.3894,1.3965,1.4035,1.4112,1.4203,1.4304,1.4405,1.4495,1.4569,1.4635,1.4701,1.4773,1.485,1.4919,1.4965,1.4972,1.4942,1.4885,1.4816,1.4748,1.4687,1.4629,1.4565,1.4489,1.4404,1.4316,1.4233,1.4161,1.4098,1.4036,1.3965,1.3887,1.3811,1.3749,1.3719,1.3728,1.3771,1.3832,1.3896,1.3951,1.3996,1.4041,1.4094,1.4162,1.4242,1.4323,1.4394,1.4452,1.45,1.4547,1.4603,1.4669,1.4739,1.4799,1.4839,1.4854,1.485,1.4837,1.4824,1.4815,1.4807,1.479,1.4762,1.4723,1.468,1.464,1.461,1.4589,1.4568,1.4541,1.4503,1.4457,1.441,1.4373,1.4353,1.4351,1.4361,1.4375,1.4388,1.4394,1.4397,1.4398,1.4403,1.441,1.4419,1.4425,1.4426,1.4423,1.4419,1.4418,1.4421,1.443,1.444,1.4449,1.4457,1.4463,1.447,1.4479,1.4492,1.4506,1.4517,1.4524,1.4527,1.4527,1.4528,1.4532,1.4539,1.4547,1.4553,1.4554,1.4551,1.4544,1.4534,1.4526,1.4521,1.452,1.4526,1.4539,1.4556,1.4575,1.4592,1.4605,1.4613,1.4619,1.4625,1.4633,1.4644,1.4654,1.4661,1.4663,1.4661,1.4656,1.465,1.4645,1.4641,1.4634,1.4622,1.4604,1.4583,1.4558,1.4532,1.4507,1.4481,1.4451,1.4416,1.4375,1.4333,1.4292,1.4255,1.4223,1.4194,1.4165,1.4136,1.4109,1.4091,1.4094,1.4119,1.4165,1.423,1.4299,1.4363,1.442,1.4475,1.4534,1.4603,1.4683,1.4766,1.4842,1.4906,1.4958,1.5007,1.5058,1.511,1.5159,1.519,1.5188,1.5155,1.5096,1.5025,1.4952,1.4886,1.4826,1.4763,1.4691,1.4607,1.4517,1.4427,1.4344,1.4269,1.4197,1.4122,1.4043,1.3967,1.3907,1.3879,1.3896,1.3952,1.4034,1.4124,1.4206,1.4274,1.4336,1.4396,1.4465,1.4542,1.4621,1.4686,1.4743,1.4792,1.4842,1.4904,1.4982,1.5065,1.5139,1.5188,1.52,1.5183,1.5146,1.5104,1.5066,1.5034,1.5,1.4955,1.4898,1.4833,1.4769,1.4711,1.4663,1.462,1.4573,1.4515,1.445,1.4382,1.432,1.4275,1.4252,1.4246,1.4249,1.426,1.427,1.4282,1.4301,1.433,1.4367,1.4407,1.4445,1.4474,1.4493,1.4508,1.4524,1.4547,1.4579,1.4613,1.4642,1.4661,1.4673,1.4678,1.4684,1.4695,1.4708,1.472,1.4725,1.4721,1.4711,1.47,1.4694,1.4693,1.4696,1.4697,1.469,1.4676,1.4656,1.4635,1.462,1.4613,1.4611,1.4614,1.4618,1.4622,1.4625,1.4627,1.4629,1.4629,1.4628,1.4626,1.4624,1.4619,1.4614,1.4607,1.4598,1.4588,1.4577,1.4566,1.4556,1.4547,1.4539,1.4532,1.4525,1.4517,1.4509,1.45,1.449,1.4479,1.4467,1.4453,1.4438,1.4422,1.4405,1.4388,1.4371,1.4355,1.4339,1.4324,1.4312,1.431,1.4321,1.435,1.4394,1.4449,1.4506,1.4556,1.4597,1.4632,1.4665,1.4704,1.4751,1.4802,1.4851,1.4891,1.4921,1.4945,1.4972,1.5008,1.5056,1.5111
-0.26389,-0.26391,-0.26393,-0.26394,-0.26394,-0.26393,-0.26389,-0.26384,-0.26376,-0.26368,-0.26359,-0.2635,-0.26339,-0.26328,-0.26315,-0.263,-0.26283,-0.26267,-0.26256,-0.2626,-0.26286,-0.26341,-0.26428,-0.26536,-0.26649,-0.26749,-0.26829,-0.26892,-0.26951,-0.27019,-0.27105,-0.27203,-0.27299,-0.27379,-0.27439,-0.27486,-0.27528,-0.27571,-0.27611,-0.27631,-0.27607,-0.27532,-0.27413,-0.27268,-0.27119,-0.26985,-0.26869,-0.26754,-0.26626,-0.26476,-0.26306,-0.26128,-0.25963,-0.2582,-0.25696,-0.25578,-0.25463,-0.25347,-0.25254,-0.25214,-0.25258,-0.25389,-0.25592,-0.25831,-0.26065,-0.2627,-0.2645,-0.26629,-0.26831,-0.2707,-0.27337,-0.27604,-0.27842,-0.28045,-0.28225,-0.28411,-0.28614,-0.28828,-0.2902,-0.29143,-0.29153,-0.29058,-0.28887,-0.28682,-0.2848,-0.28304,-0.28138,-0.2796,-0.2775,-0.27514,-0.2727,-0.27041,-0.26842,-0.26673,-0.26509,-0.26325,-0.26121,-0.2592,-0.25756,-0.25671,-0.25687,-0.25789,-0.25942,-0.26102,-0.26237,-0.26353,-0.26467,-0.26606,-0.26784,-0.26996,-0.27212,-0.27404,-0.2756,-0.27692,-0.27823,-0.2798,-0.28167,-0.28362,-0.28531,-0.28641,-0.28678,-0.2866,-0.28616,-0.28574,-0.28542,-0.28513,-0.28464,-0.28383,-0.28269,-0.28144,-0.2803,-0.27942,-0.27878,-0.2782,-0.27745,-0.2764,-0.27512,-0.27384,-0.27281,-0.27225,-0.27217,-0.27242,-0.27279,-0.27309,-0.27323,-0.27325,-0.27327,-0.27337,-0.27355,-0.2738,-0.27397,-0.27401,-0.27393,-0.27385,-0.27384,-0.27398,-0.27427,-0.27462,-0.27493,-0.27516,-0.27534,-0.2755,-0.27573,-0.27604,-0.27638,-0.27667,-0.27687,-0.27694,-0.27696,-0.277,-0.27711,-0.2773,-0.27753,-0.2777,-0.27775,-0.27769,-0.27751,-0.27728,-0.27708,-0.27696,-0.27695,-0.27709,-0.2774,-0.27781,-0.27827,-0.27869,-0.27901,-0.27922,-0.27936,-0.27952,-0.27975,-0.28003,-0.2803,-0.2805,-0.28057,-0.28054,-0.28045,-0.28035,-0.28025,-0.28015,-0.27997,-0.27963,-0.27913,-0.27853,-0.27782,-0.27712,-0.27644,-0.27575,-0.27495,-0.27402,-0.27295,-0.27181,-0.27072,-0.26975,-0.26892,-0.26816,-0.26742,-0.26667,-0.26595,-0.26548,-0.26553,-0.26617,-0.26734,-0.26899,-0.27077,-0.27241,-0.27389,-0.27535,-0.27693,-0.27881,-0.28097,-0.28323,-0.28532,-0.28708,-0.28856,-0.28998,-0.29144,-0.29296,-0.29434,-0.2952,-0.2951,-0.29406,-0.29229,-0.29014,-0.28798,-0.28607,-0.28434,-0.28257,-0.28054,-0.27821,-0.2757,-0.27321,-0.27092,-0.26889,-0.267,-0.26504,-0.26297,-0.26097,-0.25938,-0.25859,-0.25895,-0.26033,-0.26241,-0.2647,-0.2668,-0.26855,-0.27017,-0.27179,-0.27364,-0.27574,-0.27787,-0.27966,-0.28122,-0.2826,-0.28402,-0.28581,-0.28805,-0.29042,-0.29251,-0.29385,-0.29413,-0.29351,-0.29234,-0.29101,-0.28981,-0.28881,-0.28778,-0.28648,-0.28482,-0.28294,-0.28104,-0.27937,-0.27799,-0.27677,-0.27548,-0.27391,-0.27211,-0.27022,-0.2685,-0.26725,-0.26661,-0.26639,-0.26646,-0.26669,-0.26694,-0.26722,-0.2677,-0.26846,-0.26946,-0.27058,-0.27161,-0.27239,-0.27293,-0.27335,-0.27383,-0.27452,-0.27545,-0.27645,-0.2773,-0.27787,-0.27818,-0.2783,-0.27842,-0.27865,-0.27897,-0.27926,-0.27937,-0.27925,-0.27896,-0.27864,-0.27843,-0.2784,-0.27848,-0.2785,-0.27832,-0.27794,-0.2774,-0.27686,-0.27645,-0.27625,-0.27621,-0.27627,-0.27636,-0.27643,-0.27646,-0.27648,-0.27648,-0.27648,-0.27646,-0.27642,-0.27634,-0.27622,-0.27606,-0.27588,-0.27567,-0.27544,-0.2752,-0.27497,-0.27474,-0.27451,-0.27432,-0.27412,-0.27391,-0.27367,-0.27343,-0.27317,-0.2729,-0.27263,-0.27233,-0.27199,-0.2716,-0.27118,-0.27075,-0.27032,-0.26992,-0.26953,-0.26914,-0.26878,-0.26851,-0.26846,-0.26876,-0.26949,-0.27064,-0.27206,-0.27352,-0.27482,-0.2759,-0.27681,-0.27771,-0.27877,-0.28005,-0.28145,-0.28278,-0.28389,-0.28475,-0.28547,-0.28626,-0.28731,-0.28869,-0.29028
1.3576,1.3575,1.3574,1.3574,1.3574,1.3574,1.3574,1.3575,1.3575,1.3576,1.3577,1.3578,1.3579,1.358,1.3582,1.3584,1.3586,1.3587,1.3589,1.3588,1.3586,1.358,1.357,1.3559,1.3547,1.3536,1.3528,1.3521,1.3515,1.3508,1.3499,1.3489,1.3479,1.3471,1.3465,1.346,1.3456,1.3452,1.3449,1.3447,1.3449,1.3456,1.3468,1.3482,1.3496,1.3509,1.3521,1.3533,1.3546,1.3561,1.3578,1.3596,1.3612,1.3627,1.3639,1.3651,1.3663,1.3675,1.3684,1.3688,1.3683,1.3669,1.3648,1.3624,1.36,1.3579,1.356,1.3542,1.3522,1.3498,1.347,1.3443,1.3419,1.3399,1.3381,1.3362,1.3342,1.3321,1.3301,1.3288,1.3286,1.3295,1.3311,1.3331,1.3351,1.3368,1.3384,1.3402,1.3423,1.3446,1.347,1.3492,1.3512,1.3529,1.3545,1.3563,1.3584,1.3603,1.3619,1.3627,1.3625,1.3614,1.3599,1.3582,1.3569,1.3557,1.3545,1.3531,1.3513,1.3492,1.3471,1.3452,1.3436,1.3423,1.341,1.3395,1.3377,1.3357,1.3341,1.3329,1.3326,1.3327,1.3331,1.3334,1.3337,1.3339,1.3344,1.3352,1.3363,1.3375,1.3386,1.3394,1.34,1.3406,1.3413,1.3424,1.3436,1.3449,1.3459,1.3465,1.3465,1.3463,1.3459,1.3455,1.3454,1.3453,1.3452,1.3451,1.3449,1.3447,1.3445,1.3445,1.3446,1.3447,1.3447,1.3446,1.3444,1.3441,1.3439,1.3437,1.3435,1.3433,1.3431,1.3427,1.3423,1.342,1.3418,1.3418,1.3418,1.3417,1.3416,1.3414,1.3412,1.341,1.341,1.3411,1.3413,1.3416,1.3418,1.3419,1.3419,1.3418,1.3414,1.341,1.3405,1.34,1.3396,1.3394,1.3392,1.3391,1.3388,1.3386,1.3383,1.3381,1.338,1.3381,1.3382,1.3384,1.3385,1.3386,1.3388,1.3392,1.3397,1.3402,1.3409,1.3416,1.3423,1.343,1.3438,1.3448,1.3459,1.347,1.3481,1.3491,1.35,1.3508,1.3515,1.3523,1.353,1.3535,1.3534,1.3527,1.3515,1.3498,1.348,1.3463,1.3448,1.3433,1.3417,1.3398,1.3376,1.3353,1.3332,1.3314,1.3299,1.3285,1.3271,1.3256,1.3242,1.3233,1.3233,1.3243,1.326,1.3281,1.3302,1.3321,1.3338,1.3355,1.3375,1.3398,1.3423,1.3448,1.347,1.3491,1.351,1.3529,1.355,1.357,1.3585,1.3593,1.3589,1.3574,1.3553,1.353,1.3509,1.3491,1.3475,1.3459,1.344,1.3419,1.3398,1.338,1.3365,1.3351,1.3337,1.332,1.3298,1.3274,1.3253,1.3239,1.3236,1.3241,1.3252,1.3264,1.3275,1.3284,1.3294,1.3307,1.3323,1.3341,1.3359,1.3375,1.3389,1.34,1.3413,1.3429,1.3446,1.3465,1.3482,1.3494,1.35,1.3501,1.3501,1.3498,1.3495,1.3492,1.3487,1.3479,1.347,1.3459,1.3449,1.3441,1.3436,1.3432,1.3428,1.3421,1.3413,1.3403,1.3396,1.339,1.3387,1.3386,1.3384,1.3381,1.3377,1.3374,1.3373,1.3374,1.3377,1.338,1.3382,1.3382,1.3381,1.3381,1.3383,1.3387,1.3392,1.3398,1.3402,1.3404,1.3404,1.3404,1.3402,1.3401,1.3401,1.34,1.34,1.34,1.34,1.34,1.3401,1.3402,1.3404,1.3406,1.3408,1.3411,1.3414,1.3417,1.3419,1.3422,1.3424,1.3426,1.3428,1.343,1.3432,1.3435,1.3437,1.344,1.3443,1.3447,1.3451,1.3456,1.346,1.3465,1.3469,1.3473,1.3478,1.3482,1.3485,1.3485,1.3482,1.3475,1.3463,1.3448,1.3433,1.3419,1.3408,1.3399,1.339,1.3379,1.3366,1.3352,1.3339,1.3328,1.3319,1.3312,1.3305,1.3295,1.3281,1.3266
0.98794,0.98813,0.98832,0.98848,0.98858,0.98859,0.98849,0.98827,0.98797,0.98765,0.9873,0.98694,0.98653,0.98605,0.98546,0.98479,0.98405,0.98334,0.98287,0.98299,0.98403,0.9863,0.98982,0.99421,0.99878,1.0029,1.0061,1.0086,1.0109,1.0135,1.0169,1.0206,1.0243,1.0274,1.0296,1.0312,1.0327,1.0341,1.0355,1.0363,1.0355,1.0328,1.0285,1.0233,1.018,1.0131,1.0087,1.0044,0.99948,0.9937,0.98717,0.98033,0.97395,0.96835,0.96341,0.95869,0.95406,0.94943,0.94575,0.94428,0.94623,0.95164,0.95996,0.96966,0.97911,0.98729,0.99441,1.0013,1.0091,1.0182,1.0283,1.0383,1.0472,1.0547,1.0612,1.0679,1.0751,1.0827,1.0897,1.0942,1.0949,1.0919,1.0862,1.0793,1.0724,1.0663,1.0605,1.0541,1.0466,1.038,1.0293,1.021,1.0137,1.0074,1.0012,0.99417,0.98639,0.97873,0.97261,0.96957,0.97045,0.9747,0.98086,0.98724,0.99265,0.99723,1.0017,1.007,1.0137,1.0217,1.0298,1.037,1.0427,1.0475,1.0523,1.0578,1.0644,1.0714,1.0774,1.0814,1.0829,1.0825,1.0811,1.0799,1.079,1.0781,1.0765,1.0737,1.0697,1.0654,1.0615,1.0585,1.0563,1.0542,1.0515,1.0477,1.0431,1.0384,1.0347,1.0327,1.0325,1.0335,1.0349,1.0362,1.0368,1.037,1.0372,1.0377,1.0383,1.0392,1.0398,1.04,1.0397,1.0393,1.0392,1.0395,1.0404,1.0414,1.0424,1.0431,1.0437,1.0444,1.0454,1.0466,1.048,1.0491,1.0498,1.0501,1.0501,1.0503,1.0506,1.0513,1.0521,1.0527,1.0529,1.0526,1.0518,1.0509,1.0501,1.0496,1.0495,1.0501,1.0513,1.053,1.0549,1.0566,1.0579,1.0587,1.0593,1.0599,1.0607,1.0617,1.0628,1.0635,1.0637,1.0635,1.063,1.0624,1.0619,1.0615,1.0608,1.0596,1.0578,1.0557,1.0532,1.0507,1.0482,1.0456,1.0425,1.039,1.035,1.0307,1.0266,1.023,1.0198,1.0169,1.014,1.0111,1.0084,1.0066,1.0069,1.0094,1.014,1.0205,1.0274,1.0337,1.0394,1.0449,1.0508,1.0577,1.0656,1.0739,1.0815,1.0879,1.0931,1.098,1.1031,1.1083,1.1132,1.1162,1.1161,1.1127,1.1069,1.0997,1.0924,1.0859,1.0799,1.0736,1.0663,1.058,1.049,1.04,1.0316,1.0241,1.017,1.0095,1.0016,0.99397,0.98801,0.98523,0.98687,0.99245,1.0007,1.0096,1.0178,1.0246,1.0307,1.0368,1.0436,1.0514,1.0592,1.0658,1.0715,1.0764,1.0813,1.0876,1.0954,1.1037,1.1111,1.1159,1.1171,1.1153,1.1117,1.1074,1.1036,1.1004,1.097,1.0925,1.0868,1.0803,1.0738,1.068,1.0632,1.0589,1.0542,1.0485,1.0419,1.0351,1.0289,1.0244,1.0222,1.0215,1.0219,1.0229,1.0239,1.0251,1.027,1.0299,1.0335,1.0376,1.0414,1.0443,1.0462,1.0477,1.0493,1.0517,1.0548,1.0582,1.0611,1.0631,1.0642,1.0648,1.0654,1.0664,1.0678,1.0689,1.0694,1.069,1.068,1.0669,1.0663,1.0662,1.0665,1.0666,1.0659,1.0645,1.0625,1.0604,1.0589,1.0582,1.058,1.0583,1.0587,1.0591,1.0594,1.0596,1.0597,1.0598,1.0597,1.0595,1.0592,1.0588,1.0583,1.0575,1.0567,1.0557,1.0546,1.0535,1.0525,1.0516,1.0508,1.0501,1.0494,1.0487,1.0478,1.0469,1.0459,1.0448,1.0436,1.0423,1.0408,1.0391,1.0374,1.0358,1.0341,1.0325,1.0309,1.0294,1.0283,1.028,1.0292,1.032,1.0364,1.0419,1.0476,1.0526,1.0567,1.0601,1.0634,1.0673,1.072,1.0771,1.0819,1.0859,1.089,1.0914,1.0941,1.0977,1.1025,1.108
0,0,0,0,0,0,0,0,0,0,0,0,0,0,0,0,0,0,0,0,0,0,0,0,0,0,0,0,0,0,0,0,0,0,0,0,0,0,0,0,0,0,0,0,0,0,0,0,0,0,0,0,0,0,0,0,0,0,0,0,0,0,0,0,0,0,0,0,0,0,0,0,0,0,0,0,0,0,0,0,0,0,0,0,0,0,0,0,0,0,0,0,0,0,0,0,0,0,0,0,0,0,0,0,0,0,0,0,0,0,0,0,0,0,0,0,0,0,0,0,0,0,0,0,0,0,0,0,0,0,0,0,0,0,0,0,0,0,0,0,0,0,0,0,0,0,0,0,0,0,0,0,0,0,0,0,0,0,0,0,0,0,0,0,0,0,0,0,0,0,0,0,0,0,0,0,0,0,0,0,0,0,0,0,0,0,0,0,0,0,0,0,0,0,0,0,0,0,0,0,0,0,0,0,0,0,0,0,0,0,0,0,0,0,0,0,0,0,0,0,0,0,0,0,0,0,0,0,0,0,0,0,0,0,0,0,0,0,0,0,0,0,0,0,0,0,0,0,0,0,0,0,0,0,0,0,0,0,0,0,0,0,0,0,0,0,0,0,0,0,0,0,0,0,0,0,0,0,0,0,0,0,0,0,0,0,0,0,0,0,0,0,0,0,0,0,0,0,0,0,0,0,0,0,0,0,0,0,0,0,0,0,0,0,0,0,0,0,0,0,0,0,0,0,0,0,0,0,0,0,0,0,0,0,0,0,0,0,0,0,0,0,0,0,0,0,0,0,0,0,0,0,0,0,0,0,0,0,0,0,0,0,0,0,0,0,0,0,0,0,0,0,0,0,0,0,0,0,0,0,0,0,0,0,0,0,0,0,0,0,0,0,0,0,0,0,0,0,0,0
1.4097,1.4106,1.4116,1.4126,1.4134,1.4141,1.4145,1.4147,1.4149,1.4151,1.4154,1.4157,1.416,1.416,1.4158,1.4155,1.4152,1.415,1.4149,1.4147,1.4141,1.4132,1.4118,1.4102,1.4085,1.4071,1.4058,1.4046,1.4032,1.4016,1.3995,1.397,1.3945,1.3919,1.3894,1.3868,1.384,1.3813,1.3791,1.3783,1.3797,1.3835,1.3895,1.3966,1.4035,1.4094,1.4139,1.4179,1.422,1.427,1.4331,1.4395,1.4454,1.4501,1.4537,1.457,1.4602,1.4638,1.4674,1.4698,1.4698,1.4673,1.4628,1.457,1.4511,1.4456,1.4406,1.4353,1.4291,1.4218,1.4137,1.4055,1.3977,1.3906,1.3837,1.3764,1.3685,1.3609,1.3547,1.3519,1.3539,1.3605,1.3702,1.381,1.3911,1.3995,1.4067,1.4139,1.4222,1.4319,1.4422,1.4519,1.46,1.4665,1.4723,1.4786,1.4857,1.4935,1.5007,1.5055,1.5071,1.5058,1.5026,1.4989,1.4956,1.4929,1.4899,1.4859,1.4804,1.4738,1.4668,1.4604,1.4549,1.4499,1.4446,1.4381,1.4307,1.4231,1.417,1.4134,1.4132,1.4157,1.4196,1.4233,1.4266,1.4293,1.4322,1.436,1.4411,1.4469,1.4524,1.4569,1.4603,1.4631,1.466,1.4696,1.4742,1.4789,1.4829,1.4853,1.486,1.4858,1.4853,1.4854,1.4863,1.4876,1.4886,1.4887,1.4883,1.4873,1.4865,1.4862,1.4863,1.4861,1.4851,1.483,1.48,1.4767,1.4739,1.4721,1.4714,1.4714,1.4718,1.4719,1.4718,1.4714,1.4709,1.4705,1.4701,1.4697,1.4691,1.4684,1.4675,1.4666,1.4659,1.4654,1.465,1.4648,1.4646,1.4644,1.4643,1.4642,1.4644,1.4648,1.4653,1.4657,1.4659,1.4659,1.4656,1.4652,1.4647,1.4643,1.4638,1.4632,1.4624,1.4612,1.4598,1.4584,1.4574,1.4568,1.4571,1.4584,1.4605,1.4631,1.466,1.4685,1.4705,1.4722,1.4739,1.4761,1.4789,1.4821,1.4853,1.488,1.4901,1.4919,1.4936,1.4953,1.4972,1.4987,1.4991,1.4982,1.4962,1.4931,1.4896,1.4861,1.4828,1.4791,1.4748,1.4698,1.464,1.458,1.4521,1.4466,1.4415,1.4361,1.4304,1.4248,1.4203,1.4185,1.4204,1.4264,1.4352,1.4454,1.455,1.4631,1.4697,1.4759,1.4829,1.4912,1.5004,1.5096,1.5176,1.524,1.5294,1.5346,1.5404,1.5468,1.5528,1.5571,1.5582,1.5564,1.5524,1.5474,1.5425,1.5383,1.5341,1.5297,1.5245,1.5186,1.5126,1.5073,1.5022,1.4974,1.4921,1.4854,1.4774,1.4695,1.4632,1.4602,1.4616,1.4669,1.4745,1.4826,1.4898,1.4956,1.5008,1.5064,1.5132,1.5212,1.5292,1.5363,1.5419,1.5464,1.5506,1.5555,1.5614,1.5681,1.5745,1.5795,1.5825,1.5842,1.585,1.5854,1.5858,1.5861,1.5856,1.5837,1.5808,1.5773,1.5739,1.5712,1.5693,1.5676,1.5652,1.5616,1.557,1.552,1.5477,1.5451,1.5442,1.5448,1.5462,1.5474,1.5482,1.5486,1.549,1.5498,1.5511,1.5525,1.5538,1.5544,1.5546,1.5545,1.5546,1.5552,1.5562,1.5573,1.5581,1.5584,1.5585,1.5586,1.5591,1.5602,1.5616,1.563,1.564,1.5643,1.5643,1.5641,1.5643,1.5649,1.5655,1.5659,1.5656,1.5648,1.5635,1.5621,1.5611,1.5607,1.5608,1.5616,1.5628,1.5642,1.5655,1.5665,1.5671,1.5673,1.5672,1.5673,1.5675,1.568,1.5684,1.5687,1.5685,1.5683,1.5678,1.5674,1.5671,1.5667,1.566,1.5648,1.5632,1.5613,1.5593,1.5574,1.5557,1.5539,1.5519,1.5494,1.5465,1.5433,1.5402,1.5372,1.5343,1.5313,1.5278,1.5237,1.519,1.5139
0.27148,0.27168,0.27189,0.27211,0.2723,0.27245,0.27255,0.27261,0.27265,0.2727,0.27277,0.27286,0.27293,0.27295,0.27293,0.27288,0.27283,0.2728,0.27279,0.27274,0.27259,0.27232,0.27191,0.27143,0.27092,0.27047,0.2701,0.26975,0.26938,0.26894,0.26836,0.2677,0.26702,0.26635,0.26571,0.26506,0.26438,0.2637,0.26316,0.26295,0.2633,0.26427,0.26577,0.26756,0.26931,0.27079,0.27196,0.27297,0.27403,0.27531,0.27683,0.27845,0.27993,0.28112,0.28205,0.28288,0.28372,0.28463,0.28549,0.28604,0.286,0.28532,0.28412,0.28262,0.28108,0.27968,0.27839,0.27703,0.27545,0.27358,0.2715,0.26939,0.26739,0.26557,0.26383,0.26195,0.25992,0.25791,0.25629,0.25553,0.25601,0.25767,0.26015,0.26291,0.26547,0.2676,0.26942,0.27123,0.27329,0.27567,0.2782,0.28056,0.28253,0.28412,0.28554,0.28704,0.28875,0.29059,0.29225,0.29334,0.29365,0.29327,0.29246,0.29152,0.29071,0.29003,0.2893,0.28832,0.28699,0.28538,0.28371,0.28216,0.28084,0.27966,0.27839,0.27682,0.27501,0.27317,0.27166,0.27077,0.27071,0.27131,0.27222,0.27309,0.27386,0.27449,0.27518,0.27609,0.27731,0.27868,0.27999,0.28106,0.28186,0.28251,0.2832,0.28407,0.28515,0.28628,0.28722,0.28778,0.28795,0.28787,0.28774,0.28772,0.28789,0.28816,0.28835,0.28838,0.28826,0.28803,0.28785,0.2878,0.28783,0.2878,0.28759,0.28715,0.28651,0.2858,0.28519,0.28481,0.28464,0.28463,0.28467,0.28467,0.28461,0.2845,0.28437,0.28427,0.2842,0.2841,0.28398,0.2838,0.28359,0.28338,0.28323,0.28312,0.28308,0.28306,0.28304,0.28301,0.28298,0.28296,0.28296,0.28299,0.28304,0.28309,0.2831,0.28306,0.28299,0.28288,0.28276,0.28265,0.28252,0.28238,0.28219,0.28194,0.28166,0.28139,0.28118,0.28107,0.28115,0.28146,0.28196,0.28257,0.28325,0.28386,0.28435,0.28476,0.28522,0.28577,0.28646,0.28725,0.28804,0.2887,0.28922,0.28967,0.2901,0.29054,0.291,0.29136,0.29144,0.29118,0.29064,0.28983,0.28891,0.28803,0.28718,0.28626,0.28522,0.28396,0.28254,0.28104,0.27959,0.27825,0.277,0.2757,0.27432,0.27296,0.27186,0.27137,0.27183,0.27323,0.27535,0.27778,0.28008,0.282,0.28359,0.28507,0.28671,0.28865,0.2908,0.29292,0.29477,0.29628,0.29754,0.29878,0.30013,0.30157,0.30291,0.3038,0.30397,0.30348,0.3025,0.3013,0.30013,0.29912,0.29815,0.29712,0.29591,0.29455,0.29315,0.29192,0.29076,0.28965,0.28844,0.28689,0.28504,0.28319,0.2817,0.28095,0.28124,0.28242,0.28413,0.28595,0.28755,0.28884,0.29,0.29125,0.29277,0.29452,0.29629,0.29784,0.29908,0.30007,0.301,0.30208,0.30337,0.3048,0.30617,0.30723,0.30786,0.30819,0.30832,0.30836,0.3084,0.30843,0.30828,0.30786,0.30723,0.30647,0.30576,0.30519,0.3048,0.30444,0.30395,0.30322,0.30226,0.30124,0.30037,0.29981,0.29962,0.29973,0.29997,0.30018,0.30029,0.30034,0.3004,0.30056,0.30083,0.30113,0.30138,0.30151,0.30153,0.30151,0.30156,0.30171,0.30195,0.30222,0.30241,0.3025,0.30251,0.30252,0.30261,0.30279,0.30305,0.3033,0.30348,0.30354,0.30353,0.30352,0.30356,0.30367,0.30381,0.3039,0.30388,0.30375,0.30354,0.30332,0.30316,0.30311,0.30317,0.30333,0.30357,0.30386,0.30412,0.30434,0.30447,0.30453,0.30456,0.30461,0.3047,0.30483,0.30496,0.30505,0.30508,0.30507,0.30503,0.305,0.30498,0.30491,0.30475,0.30445,0.30402,0.30351,0.30298,0.30249,0.30205,0.30162,0.30114,0.30056,0.29988,0.29914,0.29842,0.29773,0.29709,0.29644,0.2957,0.2948,0.29376,0.29262
-1.3638,-1.364,-1.3643,-1.3645,-1.3648,-1.365,-1.3651,-1.3651,-1.3652,-1.3652,-1.3653,-1.3654,-1.3655,-1.3655,-1.3654,-1.3653,-1.3652,-1.3652,-1.3652,-1.3651,-1.365,-1.3647,-1.3643,-1.3639,-1.3635,-1.3631,-1.3627,-1.3624,-1.362,-1.3616,-1.361,-1.3604,-1.3597,-1.359,-1.3584,-1.3577,-1.357,-1.3562,-1.3557,-1.3555,-1.3558,-1.3568,-1.3584,-1.3603,-1.3621,-1.3636,-1.3648,-1.3659,-1.367,-1.3684,-1.37,-1.3718,-1.3734,-1.3747,-1.3757,-1.3766,-1.3775,-1.3785,-1.3795,-1.3801,-1.3801,-1.3794,-1.3782,-1.3766,-1.3749,-1.3734,-1.372,-1.3705,-1.3688,-1.3669,-1.3647,-1.3625,-1.3604,-1.3585,-1.3567,-1.3548,-1.3528,-1.3508,-1.3492,-1.3485,-1.349,-1.3506,-1.3531,-1.3559,-1.3585,-1.3606,-1.3625,-1.3645,-1.3667,-1.3693,-1.3721,-1.3747,-1.377,-1.3788,-1.3804,-1.3822,-1.3842,-1.3864,-1.3884,-1.3898,-1.3903,-1.3899,-1.3889,-1.3878,-1.3869,-1.3861,-1.3853,-1.3841,-1.3826,-1.3807,-1.3787,-1.3769,-1.3754,-1.374,-1.3725,-1.3708,-1.3687,-1.3667,-1.365,-1.364,-1.3639,-1.3646,-1.3656,-1.3666,-1.3675,-1.3682,-1.369,-1.3701,-1.3715,-1.373,-1.3746,-1.3758,-1.3767,-1.3775,-1.3783,-1.3793,-1.3806,-1.3819,-1.383,-1.3837,-1.3839,-1.3838,-1.3837,-1.3837,-1.384,-1.3844,-1.3846,-1.3847,-1.3845,-1.3843,-1.384,-1.384,-1.384,-1.3839,-1.3836,-1.383,-1.3822,-1.3813,-1.3805,-1.38,-1.3798,-1.3798,-1.3799,-1.3799,-1.3799,-1.3798,-1.3796,-1.3795,-1.3794,-1.3793,-1.3791,-1.3789,-1.3787,-1.3784,-1.3782,-1.3781,-1.378,-1.3779,-1.3779,-1.3778,-1.3778,-1.3778,-1.3778,-1.3779,-1.378,-1.3782,-1.3782,-1.3782,-1.3781,-1.378,-1.3779,-1.3778,-1.3776,-1.3775,-1.3772,-1.3769,-1.3765,-1.3761,-1.3758,-1.3757,-1.3758,-1.3761,-1.3767,-1.3774,-1.3782,-1.3789,-1.3795,-1.38,-1.3805,-1.3811,-1.3818,-1.3828,-1.3837,-1.3844,-1.385,-1.3855,-1.386,-1.3865,-1.3871,-1.3875,-1.3876,-1.3873,-1.3868,-1.3859,-1.3849,-1.3839,-1.3829,-1.3819,-1.3807,-1.3793,-1.3776,-1.376,-1.3743,-1.3728,-1.3714,-1.3699,-1.3684,-1.3669,-1.3657,-1.3651,-1.3657,-1.3673,-1.3697,-1.3724,-1.375,-1.3772,-1.3791,-1.3808,-1.3828,-1.3851,-1.3878,-1.3904,-1.3927,-1.3945,-1.3961,-1.3976,-1.3993,-1.4012,-1.403,-1.4042,-1.4046,-1.404,-1.4028,-1.4013,-1.3999,-1.3986,-1.3974,-1.3961,-1.3946,-1.3928,-1.3911,-1.3896,-1.3881,-1.3867,-1.3852,-1.3833,-1.3811,-1.3788,-1.3771,-1.3762,-1.3766,-1.378,-1.3801,-1.3824,-1.3844,-1.386,-1.3875,-1.3891,-1.3911,-1.3934,-1.3957,-1.3978,-1.3994,-1.4007,-1.402,-1.4034,-1.4052,-1.4072,-1.4091,-1.4106,-1.4115,-1.412,-1.4122,-1.4123,-1.4125,-1.4126,-1.4124,-1.4118,-1.411,-1.4099,-1.4089,-1.4081,-1.4075,-1.407,-1.4062,-1.4052,-1.4038,-1.4023,-1.401,-1.4002,-1.4,-1.4002,-1.4006,-1.4009,-1.4011,-1.4013,-1.4014,-1.4016,-1.402,-1.4024,-1.4028,-1.403,-1.403,-1.403,-1.4031,-1.4032,-1.4035,-1.4038,-1.4041,-1.4042,-1.4042,-1.4042,-1.4044,-1.4047,-1.4051,-1.4055,-1.4058,-1.4059,-1.4059,-1.4059,-1.4059,-1.4061,-1.4063,-1.4064,-1.4063,-1.4061,-1.4057,-1.4053,-1.405,-1.4048,-1.4049,-1.4051,-1.4055,-1.4059,-1.4063,-1.4066,-1.4068,-1.4068,-1.4068,-1.4068,-1.4069,-1.407,-1.4072,-1.4072,-1.4072,-1.4071,-1.407,-1.4068,-1.4067,-1.4066,-1.4064,-1.4061,-1.4056,-1.405,-1.4044,-1.4039,-1.4033,-1.4028,-1.4022,-1.4015,-1.4006,-1.3997,-1.3988,-1.3979,-1.397,-1.3961,-1.3951,-1.3939,-1.3926,-1.3911
-0.99246,-0.99337,-0.99432,-0.99527,-0.99614,-0.99681,-0.99722,-0.99744,-0.99758,-0.99776,-0.99805,-0.9984,-0.99865,-0.99869,-0.99852,-0.99823,-0.99793,-0.99773,-0.9976,-0.99739,-0.99688,-0.99594,-0.99457,-0.99294,-0.99126,-0.98976,-0.98848,-0.98728,-0.98593,-0.98427,-0.98215,-0.97971,-0.97716,-0.97463,-0.97211,-0.9695,-0.96675,-0.96402,-0.96183,-0.96102,-0.96243,-0.96628,-0.97221,-0.97927,-0.9862,-0.99202,-0.99657,-1.0005,-1.0046,-1.0096,-1.0156,-1.022,-1.0278,-1.0325,-1.0361,-1.0393,-1.0426,-1.0461,-1.0496,-1.052,-1.052,-1.0495,-1.045,-1.0393,-1.0334,-1.0281,-1.023,-1.0178,-1.0116,-1.0043,-0.99629,-0.9881,-0.98034,-0.97324,-0.96644,-0.95913,-0.95128,-0.94359,-0.93746,-0.93463,-0.93663,-0.94319,-0.95293,-0.96375,-0.97381,-0.98217,-0.98937,-0.99654,-1.0048,-1.0144,-1.0246,-1.0342,-1.0422,-1.0487,-1.0544,-1.0606,-1.0677,-1.0754,-1.0824,-1.0872,-1.0887,-1.0874,-1.0843,-1.0806,-1.0774,-1.0747,-1.0718,-1.0678,-1.0624,-1.0558,-1.0489,-1.0426,-1.0371,-1.0323,-1.027,-1.0206,-1.0132,-1.0057,-0.99959,-0.99602,-0.99585,-0.99836,-1.0022,-1.0059,-1.0091,-1.0118,-1.0147,-1.0185,-1.0235,-1.0292,-1.0347,-1.0392,-1.0425,-1.0453,-1.0481,-1.0517,-1.0562,-1.0609,-1.0648,-1.0672,-1.0679,-1.0677,-1.0672,-1.0673,-1.0682,-1.0694,-1.0704,-1.0706,-1.0701,-1.0691,-1.0683,-1.0681,-1.0682,-1.068,-1.067,-1.0649,-1.062,-1.0587,-1.056,-1.0543,-1.0535,-1.0536,-1.0539,-1.0541,-1.0539,-1.0535,-1.053,-1.0526,-1.0522,-1.0518,-1.0513,-1.0506,-1.0497,-1.0488,-1.0481,-1.0475,-1.0472,-1.047,-1.0469,-1.0467,-1.0465,-1.0465,-1.0466,-1.047,-1.0475,-1.0479,-1.0481,-1.048,-1.0477,-1.0473,-1.0469,-1.0465,-1.046,-1.0454,-1.0445,-1.0434,-1.042,-1.0407,-1.0397,-1.0391,-1.0394,-1.0407,-1.0428,-1.0453,-1.0482,-1.0507,-1.0527,-1.0543,-1.056,-1.0582,-1.0609,-1.0641,-1.0673,-1.07,-1.072,-1.0738,-1.0755,-1.0772,-1.0791,-1.0806,-1.0809,-1.08,-1.078,-1.075,-1.0715,-1.0681,-1.0647,-1.0611,-1.0569,-1.0519,-1.0462,-1.0402,-1.0344,-1.029,-1.0239,-1.0185,-1.0129,-1.0073,-1.0029,-1.001,-1.003,-1.0089,-1.0177,-1.0277,-1.0373,-1.0452,-1.0518,-1.0579,-1.0648,-1.073,-1.0821,-1.0912,-1.099,-1.1053,-1.1106,-1.1158,-1.1215,-1.1277,-1.1336,-1.1377,-1.1388,-1.137,-1.1332,-1.1283,-1.1234,-1.1193,-1.1152,-1.1108,-1.1057,-1.1,-1.0941,-1.0888,-1.0839,-1.0791,-1.0739,-1.0673,-1.0594,-1.0517,-1.0455,-1.0424,-1.0438,-1.0491,-1.0566,-1.0645,-1.0716,-1.0773,-1.0824,-1.0879,-1.0947,-1.1025,-1.1103,-1.1173,-1.1228,-1.1272,-1.1313,-1.1361,-1.1419,-1.1484,-1.1546,-1.1595,-1.1625,-1.1641,-1.1649,-1.1652,-1.1656,-1.166,-1.1654,-1.1636,-1.1608,-1.1573,-1.154,-1.1514,-1.1496,-1.1479,-1.1456,-1.1421,-1.1375,-1.1327,-1.1285,-1.1259,-1.1251,-1.1257,-1.127,-1.1282,-1.1289,-1.1293,-1.1297,-1.1305,-1.1318,-1.1332,-1.1344,-1.135,-1.1352,-1.1351,-1.1352,-1.1358,-1.1368,-1.1379,-1.1386,-1.139,-1.139,-1.1391,-1.1396,-1.1407,-1.1421,-1.1434,-1.1443,-1.1447,-1.1446,-1.1445,-1.1447,-1.1452,-1.1458,-1.1462,-1.146,-1.1452,-1.1439,-1.1426,-1.1416,-1.1412,-1.1413,-1.1421,-1.1433,-1.1447,-1.1459,-1.1469,-1.1475,-1.1476,-1.1476,-1.1476,-1.1479,-1.1483,-1.1488,-1.149,-1.1489,-1.1486,-1.1482,-1.1478,-1.1475,-1.1471,-1.1464,-1.1453,-1.1437,-1.1418,-1.1399,-1.138,-1.1363,-1.1346,-1.1326,-1.1301,-1.1273,-1.1242,-1.1211,-1.1182,-1.1153,-1.1124,-1.109,-1.105,-1.1003,-1.0954
0,0,0,0,0,0,0,0,0,0,0,0,0,0,0,0,0,0,0,0,0,0,0,0,0,0,0,0,0,0,0,0,0,0,0,0,0,0,0,0,0,0,0,0,0,0,0,0,0,0,0,0,0,0,0,0,0,0,0,0,0,0,0,0,0,0,0,0,0,0,0,0,0,0,0,0,0,0,0,0,0,0,0,0,0,0,0,0,0,0,0,0,0,0,0,0,0,0,0,0,0,0,0,0,0,0,0,0,0,0,0,0,0,0,0,0,0,0,0,0,0,0,0,0,0,0,0,0,0,0,0,0,0,0,0,0,0,0,0,0,0,0,0,0,0,0,0,0,0,0,0,0,0,0,0,0,0,0,0,0,0,0,0,0,0,0,0,0,0,0,0,0,0,0,0,0,0,0,0,0,0,0,0,0,0,0,0,0,0,0,0,0,0,0,0,0,0,0,0,0,0,0,0,0,0,0,0,0,0,0,0,0,0,0,0,0,0,0,0,0,0,0,0,0,0,0,0,0,0,0,0,0,0,0,0,0,0,0,0,0,0,0,0,0,0,0,0,0,0,0,0,0,0,0,0,0,0,0,0,0,0,0,0,0,0,0,0,0,0,0,0,0,0,0,0,0,0,0,0,0,0,0,0,0,0,0,0,0,0,0,0,0,0,0,0,0,0,0,0,0,0,0,0,0,0,0,0,0,0,0,0,0,0,0,0,0,0,0,0,0,0,0,0,0,0,0,0,0,0,0,0,0,0,0,0,0,0,0,0,0,0,0,0,0,0,0,0,0,0,0,0,0,0,0,0,0,0,0,0,0,0,0,0,0,0,0,0,0,0,0,0,0,0,0,0,0,0,0,0,0,0,0,0,0,0,0,0,0,0,0,0,0,0,0,0,0,0,0,0,0
0,0,0,0,0,0,0,0,0,0,0,0,0,0,0,0,0,0,0,0,0,0,0,0,0,0,0,0,0,0,0,0,0,0,0,0,0,0,0,0,0,0,0,0,0,0,0,0,0,0,0,0,0,0,0,0,0,0,0,0,0,0,0,0,0,0,0,0,0,0,0,0,0,0,0,0,0,0,0,0,0,0,0,0,0,0,0,0,0,0,0,0,0,0,0,0,0,0,0,0,0,0,0,0,0,0,0,0,0,0,0,0,0,0,0,0,0,0,0,0,0,0,0,0,0,0,0,0,0,0,0,0,0,0,0,0,0,0,0,0,0,0,0,0,0,0,0,0,0,0,0,0,0,0,0,0,0,0,0,0,0,0,0,0,0,0,0,0,0,0,0,0,0,0,0,0,0,0,0,0,0,0,0,0,0,0,0,0,0,0,0,0,0,0,0,0,0,0,0,0,0,0,0,0,0,0,0,0,0,0,0,0,0,0,0,0,0,0,0,0,0,0,0,0,0,0,0,0,0,0,0,0,0,0,0,0,0,0,0,0,0,0,0,0,0,0,0,0,0,0,0,0,0,0,0,0,0,0,0,0,0,0,0,0,0,0,0,0,0,0,0,0,0,0,0,0,0,0,0,0,0,0,0,0,0,0,0,0,0,0,0,0,0,0,0,0,0,0,0,0,0,0,0,0,0,0,0,0,0,0,0,0,0,0,0,0,0,0,0,0,0,0,0,0,0,0,0,0,0,0,0,0,0,0,0,0,0,0,0,0,0,0,0,0,0,0,0,0,0,0,0,0,0,0,0,0,0,0,0,0,0,0,0,0,0,0,0,0,0,0,0,0,0,0,0,0,0,0,0,0,0,0,0,0,0,0,0,0,0,0,0,0,0,0,0,0,0,0,0,0
0,0,0,0,0,0,0,0,0,0,0,0,0,0,0,0,0,0,0,0,0,0,0,0,0,0,0,0,0,0,0,0,0,0,0,0,0,0,0,0,0,0,0,0,0,0,0,0,0,0,0,0,0,0,0,0,0,0,0,0,0,0,0,0,0,0,0,0,0,0,0,0,0,0,0,0,0,0,0,0,0,0,0,0,0,0,0,0,0,0,0,0,0,0,0,0,0,0,0,0,0,0,0,0,0,0,0,0,0,0,0,0,0,0,0,0,0,0,0,0,0,0,0,0,0,0,0,0,0,0,0,0,0,0,0,0,0,0,0,0,0,0,0,0,0,0,0,0,0,0,0,0,0,0,0,0,0,0,0,0,0,0,0,0,0,0,0,0,0,0,0,0,0,0,0,0,0,0,0,0,0,0,0,0,0,0,0,0,0,0,0,0,0,0,0,0,0,0,0,0,0,0,0,0,0,0,0,0,0,0,0,0,0,0,0,0,0,0,0,0,0,0,0,0,0,0,0,0,0,0,0,0,0,0,0,0,0,0,0,0,0,0,0,0,0,0,0,0,0,0,0,0,0,0,0,0,0,0,0,0,0,0,0,0,0,0,0,0,0,0,0,0,0,0,0,0,0,0,0,0,0,0,0,0,0,0,0,0,0,0,0,0,0,0,0,0,0,0,0,0,0,0,0,0,0,0,0,0,0,0,0,0,0,0,0,0,0,0,0,0,0,0,0,0,0,0,0,0,0,0,0,0,0,0,0,0,0,0,0,0,0,0,0,0,0,0,0,0,0,0,0,0,0,0,0,0,0,0,0,0,0,0,0,0,0,0,0,0,0,0,0,0,0,0,0,0,0,0,0,0,0,0,0,0,0,0,0,0,0,0,0,0,0,0,0,0,0,0,0,0
,,,,,,,,,,,,,,,,,,,,,,,,,,,,,,,,,,,,,,,,,,,,,,,,,,,,,,,,,,,,,,,,,,,,,,,,,,,,,,,,,,,,,,,,,,,,,,,,,,,,,,,,,,,,,,,,,,,,,,,,,,,,,,,,,,,,,,,,,,,,,,,,,,,,,,,,,,,,,,,,,,,,,,,,,,,,,,,,,,,,,,,,,,,,,,,,,,,,,,,,,,,,,,,,,,,,,,,,,,,,,,,,,,,,,,,,,,,,,,,,,,,,,,,,,,,,,,,,,,,,,,,,,,,,,,,,,,,,,,,,,,,,,,,,,,,,,,,,,,,,,,,,,,,,,,,,,,,,,,,,,,,,,,,,,,,,,,,,,,,,,,,,,,,,,,,,,,,,,,,,,,,,,,,,,,,,,,,,,,,,,,,,,,,,,,,,,,,,,,,
,,,,,,,,,,,,,,,,,,,,,,,,,,,,,,,,,,,,,,,,,,,,,,,,,,,,,,,,,,,,,,,,,,,,,,,,,,,,,,,,,,,,,,,,,,,,,,,,,,,,,,,,,,,,,,,,,,,,,,,,,,,,,,,,,,,,,,,,,,,,,,,,,,,,,,,,,,,,,,,,,,,,,,,,,,,,,,,,,,,,,,,,,,,,,,,,,,,,,,,,,,,,,,,,,,,,,,,,,,,,,,,,,,,,,,,,,,,,,,,,,,,,,,,,,,,,,,,,,,,,,,,,,,,,,,,,,,,,,,,,,,,,,,,,,,,,,,,,,,,,,,,,,,,,,,,,,,,,,,,,,,,,,,,,,,,,,,,,,,,,,,,,,,,,,,,,,,,,,,,,,,,,,,,,,,,,,,,,,,,,,,,,,,,,,,,,,,,,,,,
,,,,,,,,,,,,,,,,,,,,,,0.03104,0.036865,0.041606,0.044188,0.044621,0.043795,0.04303,0.043306,0.045075,0.047414,0.049096,0.049337,0.048273,0.046696,0.045338,0.044357,,,,,,,,,,,,,,,,,,,,,,,,,,,,,,,,,,,,,,,,,,,,,,,,,,,,,,,,,,,,,,,,,,,,,,,,,,,,,,,,,,,,,,,,,,,,,,,,,,,,,,,,,,,,,,,,,,,,,,,,,,,,,,,,,,,,,,,,,,,,,,,,,,,,,,,,,,,,,,,,,,,,,,,,,,,,,,,,,,,,,,,,,,,,,,,,,,,,,,,,,,,,,,,,,,,,,,,,,,,,,,,,,,,,,,,,,,,,,,,,,,,,,,,,,,,,,,,,,,,,,,,,,,,,,,,,,,,,,,,,,,,,,,,,,,,,,,,,,,,,,,,,,,,,,,,,,,,,,,,,,,,,,,,,,,,,,,,,,,,,,,,,,,,,,,,,,,,,,,,,,,
,,-0.39599,-0.40612,-0.41309,-0.41613,-0.41524,-0.41068,-0.40246,-0.39093,-0.37622,-0.35825,-0.33676,-0.31224,-0.28589,-0.2595,-0.23511,-0.21507,,,,,,,,,,,,,,,,,,,,,,,,,,,,,,,,,,,,,,,,,,,,,,,,,,,,,,,,,,,,,,,,,,,,,,,,,,,,,,,,,,,,,,,,,,,,,,,,,,,,,,,,,,,,,,,,,,,,,,,,,,,,,,,,,,,,,,,,,,,,,,,,,,,,,,,,,,,,,,,,,,,,,,,,,,,,,,,,,,,,,,,,,,,,,,,,,,,,,,,,,,,,,,,,,,,,,,,,,,,,,,,,,,,,,,,,,,,,,,,,,,,,,,,,,,,,,,,,,,,,,,,,,,,,,,,,,,,,,,,,,,,,,,,,,,,,,,,,,,,,,,,,,,,,,,,,,,,,,,,,,,,,,,,,,,,,,,,,,,,,,,,,,,,,,,,,,,,,,,,,,,,,,,,,,,,,,,,,,,,,,,
