Time,/RHipRoll/,/LKneePitch/,/LHipPitch/,/RKneePitch/,/LAnklePitch/,/LHipYawPitch/,/RAnkleRoll/,/RHipPitch/,/LHipRoll/,/LAnkleRoll/,/RAnklePitch/
0,0.000506349,1.1504,-0.6748,1.1504,-0.5798,-0.00164881,-0.000526706,-0.6748,0.0007178,-0.000613999,-0.5798
0.010031,0.000506349,1.1504,-0.6748,1.1504,-0.5798,-0.00164881,-0.000526706,-0.6748,0.0007178,-0.000613999,-0.5798
0.020052,0.000506349,1.1504,-0.6748,1.1504,-0.5798,-0.00164881,-0.000526706,-0.6748,0.0007178,-0.000613999,-0.5798
0.030026,0.000506349,1.1504,-0.6748,1.1504,-0.5798,-0.00164881,-0.000526706,-0.6748,0.0007178,-0.000613999,-0.5798
0.040072,0.000506349,1.1504,-0.6748,1.1504,-0.5798,-0.00164881,-0.000526706,-0.6748,0.0007178,-0.000613999,-0.5798
0.0501878,0.000506349,1.1504,-0.6748,1.1504,-0.5798,-0.00164881,-0.000526706,-0.6748,0.0007178,-0.000613999,-0.5798
0.060081,0.000506349,1.1504,-0.6748,1.1504,-0.5798,-0.00164881,-0.000526706,-0.6748,0.0007178,-0.000613999,-0.5798
0.0700829,0.000506349,1.1504,-0.6748,1.1504,-0.5798,-0.00164881,-0.000526706,-0.6748,0.0007178,-0.000613999,-0.5798
0.0801358,0.000506349,1.1504,-0.6748,1.1504,-0.5798,-0.00164881,-0.000526706,-0.6748,0.0007178,-0.000613999,-0.5798
0.093004,0.000506349,1.1504,-0.6748,1.1504,-0.5798,-0.00164881,-0.000526706,-0.6748,0.0007178,-0.000613999,-0.5798
0.100331,0.000506349,1.1504,-0.6748,1.1504,-0.5798,-0.00164881,-0.000526706,-0.6748,0.0007178,-0.000613999,-0.5798
0.112374,0.000506349,1.1504,-0.6748,1.1504,-0.5798,-0.00164881,-0.000526706,-0.6748,0.0007178,-0.000613999,-0.5798
0.12041,0.000506349,1.1504,-0.6748,1.1504,-0.5798,-0.00164881,-0.000526706,-0.6748,0.0007178,-0.000613999,-0.5798
0.1323,0.000506349,1.1504,-0.6748,1.1504,-0.5798,-0.00164881,-0.000526706,-0.6748,0.0007178,-0.000613999,-0.5798
0.140405,0.000506349,1.1504,-0.6748,1.1504,-0.5798,-0.00164881,-0.000526706,-0.6748,0.0007178,-0.000613999,-0.5798
0.152435,0.000506349,1.1504,-0.6748,1.1504,-0.5798,-0.00164881,-0.000526706,-0.6748,0.0007178,-0.000613999,-0.5798
0.160472,0.000506349,1.1504,-0.6748,1.1504,-0.5798,-0.00164881,-0.000526706,-0.6748,0.0007178,-0.000613999,-0.5798
0.172364,0.000506349,1.1504,-0.6748,1.1504,-0.5798,-0.00164881,-0.000526706,-0.6748,0.0007178,-0.000613999,-0.5798
0.180417,0.000506349,1.1504,-0.6748,1.1504,-0.5798,-0.00164881,-0.000526706,-0.6748,0.0007178,-0.000613999,-0.5798
0.192157,0.000506349,1.1504,-0.6748,1.1504,-0.5798,-0.00164881,-0.000526706,-0.6748,0.0007178,-0.000613999,-0.5798
0.200607,0.000506349,1.1504,-0.6748,1.1504,-0.5798,-0.00164881,-0.000526706,-0.6748,0.0007178,-0.000613999,-0.5798
0.212478,0.000506349,1.1504,-0.6748,1.1504,-0.5798,-0.00164881,-0.000526706,-0.6748,0.0007178,-0.000613999,-0.5798
0.220617,0.000506349,1.1504,-0.6748,1.1504,-0.5798,-0.00164881,-0.000526706,-0.6748,0.0007178,-0.000613999,-0.5798
0.232667,0.000506349,1.1504,-0.6748,1.1504,-0.5798,-0.00164881,-0.000526706,-0.6748,0.0007178,-0.000613999,-0.5798
0.24074,0.000506349,1.1504,-0.6748,1.1504,-0.5798,-0.00164881,-0.000526706,-0.6748,0.0007178,-0.000613999,-0.5798
0.25249,0.000506349,1.1504,-0.6748,1.1504,-0.5798,-0.00164881,-0.000526706,-0.6748,0.0007178,-0.000613999,-0.5798
0.260701,0.000506349,1.1504,-0.6748,1.1504,-0.5798,-0.00164881,-0.000526706,-0.6748,0.0007178,-0.000613999,-0.5798
0.272252,0.000506349,1.1504,-0.6748,1.1504,-0.5798,-0.00164881,-0.000526706,-0.6748,0.0007178,-0.000613999,-0.5798
0.280711,0.000506349,1.1504,-0.6748,1.1504,-0.5798,-0.00164881,-0.000526706,-0.6748,0.0007178,-0.000613999,-0.5798
0.295611,0.000506349,1.1504,-0.6748,1.1504,-0.5798,-0.00164881,-0.000526706,-0.6748,0.0007178,-0.000613999,-0.5798
0.300918,0.000506349,1.1504,-0.6748,1.1504,-0.5798,-0.00164881,-0.000526706,-0.6748,0.0007178,-0.000613999,-0.5798
0.313311,0.000506349,1.1504,-0.6748,1.1504,-0.5798,-0.00164881,-0.000526706,-0.6748,0.0007178,-0.000613999,-0.5798
0.321006,0.000506349,1.1504,-0.6748,1.1504,-0.5798,-0.00164881,-0.000526706,-0.6748,0.0007178,-0.000613999,-0.5798
0.333371,0.000506349,1.1504,-0.6748,1.1504,-0.5798,-0.00164881,-0.000526706,-0.6748,0.0007178,-0.000613999,-0.5798
0.341021,0.000506349,1.1504,-0.6748,1.1504,-0.5798,-0.00164881,-0.000526706,-0.6748,0.0007178,-0.000613999,-0.5798
0.353315,0.000506349,1.1504,-0.6748,1.1504,-0.5798,-0.00164881,-0.000526706,-0.6748,0.0007178,-0.000613999,-0.5798
0.361041,0.000506349,1.1504,-0.6748,1.1504,-0.5798,-0.00164881,-0.000526706,-0.6748,0.0007178,-0.000613999,-0.5798
0.373289,0.000506349,1.1504,-0.6748,1.1504,-0.5798,-0.00164881,-0.000526706,-0.6748,0.0007178,-0.000613999,-0.5798
0.38115,0.000506349,1.1504,-0.6748,1.1504,-0.5798,-0.00164881,-0.000526706,-0.6748,0.0007178,-0.000613999,-0.5798
0.39346,0.000506349,1.1504,-0.6748,1.1504,-0.5798,-0.00164881,-0.000526706,-0.6748,0.0007178,-0.000613999,-0.5798
0.401242,0.000506349,1.1504,-0.6748,1.1504,-0.5798,-0.00164881,-0.000526706,-0.6748,0.0007178,-0.000613999,-0.5798
0.413434,0.000506349,1.1504,-0.6748,1.1504,-0.5798,-0.00164881,-0.000526706,-0.6748,0.0007178,-0.000613999,-0.5798
0.421238,0.000506349,1.1504,-0.6748,1.1504,-0.5798,-0.00164881,-0.000526706,-0.6748,0.0007178,-0.000613999,-0.5798
0.432417,0.000506349,1.1504,-0.6748,1.1504,-0.5798,-0.00164881,-0.000526706,-0.6748,0.0007178,-0.000613999,-0.5798
0.441352,0.000506349,1.1504,-0.6748,1.1504,-0.5798,-0.00164881,-0.000526706,-0.6748,0.0007178,-0.000613999,-0.5798
0.452748,0.000506349,1.1504,-0.6748,1.1504,-0.5798,-0.00164881,-0.000526706,-0.6748,0.0007178,-0.000613999,-0.5798
0.46138,0.000506349,1.1504,-0.6748,1.1504,-0.5798,-0.00164881,-0.000526706,-0.6748,0.0007178,-0.000613999,-0.5798
0.472853,0.000506349,1.1504,-0.6748,1.1504,-0.5798,-0.00164881,-0.000526706,-0.6748,0.0007178,-0.000613999,-0.5798
0.481536,0.000506349,1.1504,-0.6748,1.1504,-0.5798,-0.00164881,-0.000526706,-0.6748,0.0007178,-0.000613999,-0.5798
0.492777,0.000506349,1.1504,-0.6748,1.1504,-0.5798,-0.00164881,-0.000526706,-0.6748,0.0007178,-0.000613999,-0.5798
0.501845,0.000506349,1.1504,-0.6748,1.1504,-0.5798,-0.00164881,-0.000526706,-0.6748,0.0007178,-0.000613999,-0.5798
0.512605,0.000506349,1.1504,-0.6748,1.1504,-0.5798,-0.00164881,-0.000526706,-0.6748,0.0007178,-0.000613999,-0.5798
0.521781,0.000506349,1.1504,-0.6748,1.1504,-0.5798,-0.00164881,-0.000526706,-0.6748,0.0007178,-0.000613999,-0.5798
0.532235,0.000506349,1.1504,-0.6748,1.1504,-0.5798,-0.00164881,-0.000526706,-0.6748,0.0007178,-0.000613999,-0.5798
0.541829,0.000506349,1.1504,-0.6748,1.1504,-0.5798,-0.00164881,-0.000526706,-0.6748,0.0007178,-0.000613999,-0.5798
0.552274,0.000506349,1.1504,-0.6748,1.1504,-0.5798,-0.00164881,-0.000526706,-0.6748,0.0007178,-0.000613999,-0.5798
0.562008,0.000506349,1.1504,-0.6748,1.1504,-0.5798,-0.00164881,-0.000526706,-0.6748,0.0007178,-0.000613999,-0.5798
0.572647,0.000506349,1.1504,-0.6748,1.1504,-0.5798,-0.00164881,-0.000526706,-0.6748,0.0007178,-0.000613999,-0.5798
0.58195,0.000506349,1.1504,-0.6748,1.1504,-0.5798,-0.00164881,-0.000526706,-0.6748,0.0007178,-0.000613999,-0.5798
0.592852,0.000506349,1.1504,-0.6748,1.1504,-0.5798,-0.00164881,-0.000526706,-0.6748,0.0007178,-0.000613999,-0.5798
0.602275,0.000506349,1.1504,-0.6748,1.1504,-0.5798,-0.00164881,-0.000526706,-0.6748,0.0007178,-0.000613999,-0.5798
0.613031,0.000506349,1.1504,-0.6748,1.1504,-0.5798,-0.00164881,-0.000526706,-0.6748,0.0007178,-0.000613999,-0.5798
0.622271,0.000506349,1.1504,-0.6748,1.1504,-0.5798,-0.00164881,-0.000526706,-0.6748,0.0007178,-0.000613999,-0.5798
0.632599,0.000506349,1.1504,-0.6748,1.1504,-0.5798,-0.00164881,-0.000526706,-0.6748,0.0007178,-0.000613999,-0.5798
0.642195,0.000506349,1.1504,-0.6748,1.1504,-0.5798,-0.00164881,-0.000526706,-0.6748,0.0007178,-0.000613999,-0.5798
0.652988,0.000506349,1.1504,-0.6748,1.1504,-0.5798,-0.00164881,-0.000526706,-0.6748,0.0007178,-0.000613999,-0.5798
0.662236,0.000506349,1.1504,-0.6748,1.1504,-0.5798,-0.00164881,-0.000526706,-0.6748,0.0007178,-0.000613999,-0.5798
0.672819,0.000506349,1.1504,-0.6748,1.1504,-0.5798,-0.00164881,-0.000526706,-0.6748,0.0007178,-0.000613999,-0.5798
0.682349,0.000506349,1.1504,-0.6748,1.1504,-0.5798,-0.00164881,-0.000526706,-0.6748,0.0007178,-0.000613999,-0.5798
0.692249,0.000506349,1.1504,-0.6748,1.1504,-0.5798,-0.00164881,-0.000526706,-0.6748,0.0007178,-0.000613999,-0.5798
0.702367,0.000506349,1.1504,-0.6748,1.1504,-0.5798,-0.00164881,-0.000526706,-0.6748,0.0007178,-0.000613999,-0.5798
0.712662,0.000506349,1.1504,-0.6748,1.1504,-0.5798,-0.00164881,-0.000526706,-0.6748,0.0007178,-0.000613999,-0.5798
0.72246,0.000506349,1.1504,-0.6748,1.1504,-0.5798,-0.00164881,-0.000526706,-0.6748,0.0007178,-0.000613999,-0.5798
0.732633,0.000506349,1.1504,-0.6748,1.1504,-0.5798,-0.00164881,-0.000526706,-0.6748,0.0007178,-0.000613999,-0.5798
0.742437,0.000506349,1.1504,-0.6748,1.1504,-0.5798,-0.00164881,-0.000526706,-0.6748,0.0007178,-0.000613999,-0.5798
0.752772,0.000506349,1.1504,-0.6748,1.1504,-0.5798,-0.00164881,-0.000526706,-0.6748,0.0007178,-0.000613999,-0.5798
0.762602,0.000506349,1.1504,-0.6748,1.1504,-0.5798,-0.00164881,-0.000526706,-0.6748,0.0007178,-0.000613999,-0.5798
0.772745,0.000506349,1.1504,-0.6748,1.1504,-0.5798,-0.00164881,-0.000526706,-0.6748,0.0007178,-0.000613999,-0.5798
0.792632,0.000506349,1.1504,-0.6748,1.1504,-0.5798,-0.00164881,-0.000526706,-0.6748,0.0007178,-0.000613999,-0.5798
0.802719,0.000506349,1.1504,-0.6748,1.1504,-0.5798,-0.00164881,-0.000526706,-0.6748,0.0007178,-0.000613999,-0.5798
0.812638,0.000506349,1.1504,-0.6748,1.1504,-0.5798,-0.00164881,-0.000526706,-0.6748,0.0007178,-0.000613999,-0.5798
0.822783,0.000506349,1.1504,-0.6748,1.1504,-0.5798,-0.00164881,-0.000526706,-0.6748,0.0007178,-0.000613999,-0.5798
0.832665,0.000506349,1.1504,-0.6748,1.1504,-0.5798,-0.00164881,-0.000526706,-0.6748,0.0007178,-0.000613999,-0.5798
0.84278,0.000506349,1.1504,-0.6748,1.1504,-0.5798,-0.00164881,-0.000526706,-0.6748,0.0007178,-0.000613999,-0.5798
0.852906,0.000506349,1.1504,-0.6748,1.1504,-0.5798,-0.00164881,-0.000526706,-0.6748,0.0007178,-0.000613999,-0.5798
0.862918,0.000506349,1.1504,-0.6748,1.1504,-0.5798,-0.00164881,-0.000526706,-0.6748,0.0007178,-0.000613999,-0.5798
0.872971,0.000506349,1.1504,-0.6748,1.1504,-0.5798,-0.00164881,-0.000526706,-0.6748,0.0007178,-0.000613999,-0.5798
0.883133,0.000506349,1.1504,-0.6748,1.1504,-0.5798,-0.00164881,-0.000526706,-0.6748,0.0007178,-0.000613999,-0.5798
0.893033,0.000506349,1.1504,-0.6748,1.1504,-0.5798,-0.00164881,-0.000526706,-0.6748,0.0007178,-0.000613999,-0.5798
0.903006,0.000506349,1.1504,-0.6748,1.1504,-0.5798,-0.00164881,-0.000526706,-0.6748,0.0007178,-0.000613999,-0.5798
0.913178,0.000506349,1.1504,-0.6748,1.1504,-0.5798,-0.00164881,-0.000526706,-0.6748,0.0007178,-0.000613999,-0.5798
0.923056,0.000506349,1.1504,-0.6748,1.1504,-0.5798,-0.00164881,-0.000526706,-0.6748,0.0007178,-0.000613999,-0.5798
0.933108,0.000506349,1.1504,-0.6748,1.1504,-0.5798,-0.00164881,-0.000526706,-0.6748,0.0007178,-0.000613999,-0.5798
0.943185,0.000506349,1.1504,-0.6748,1.1504,-0.5798,-0.00164881,-0.000526706,-0.6748,0.0007178,-0.000613999,-0.5798
0.953101,0.000506349,1.1504,-0.6748,1.1504,-0.5798,-0.00164881,-0.000526706,-0.6748,0.0007178,-0.000613999,-0.5798
0.963314,0.000506349,1.1504,-0.6748,1.1504,-0.5798,-0.00164881,-0.000526706,-0.6748,0.0007178,-0.000613999,-0.5798
0.973245,0.000506349,1.1504,-0.6748,1.1504,-0.5798,-0.00164881,-0.000526706,-0.6748,0.0007178,-0.000613999,-0.5798
0.983191,0.000506349,1.1504,-0.6748,1.1504,-0.5798,-0.00164881,-0.000526706,-0.6748,0.0007178,-0.000613999,-0.5798
0.993314,0.000506349,1.1504,-0.6748,1.1504,-0.5798,-0.00164881,-0.000526706,-0.6748,0.0007178,-0.000613999,-0.5798
1.00334,0.000506349,1.1504,-0.6748,1.1504,-0.5798,-0.00164881,-0.000526706,-0.6748,0.0007178,-0.000613999,-0.5798
1.01341,0.000506349,1.1504,-0.6748,1.1504,-0.5798,-0.00164881,-0.000526706,-0.6748,0.0007178,-0.000613999,-0.5798
1.0234,0.000506349,1.1504,-0.6748,1.1504,-0.5798,-0.00164881,-0.000526706,-0.6748,0.0007178,-0.000613999,-0.5798
1.03347,0.000506349,1.1504,-0.6748,1.1504,-0.5798,-0.00164881,-0.000526706,-0.6748,0.0007178,-0.000613999,-0.5798
1.04334,0.000506349,1.1504,-0.6748,1.1504,-0.5798,-0.00164881,-0.000526706,-0.6748,0.0007178,-0.000613999,-0.5798
1.05351,0.000506349,1.1504,-0.6748,1.1504,-0.5798,-0.00164881,-0.000526706,-0.6748,0.0007178,-0.000613999,-0.5798
1.06341,0.000506349,1.1504,-0.6748,1.1504,-0.5798,-0.00164881,-0.000526706,-0.6748,0.0007178,-0.000613999,-0.5798
1.0735,0.000506349,1.1504,-0.6748,1.1504,-0.5798,-0.00164881,-0.000526706,-0.6748,0.0007178,-0.000613999,-0.5798
1.08352,0.000506349,1.1504,-0.6748,1.1504,-0.5798,-0.00164881,-0.000526706,-0.6748,0.0007178,-0.000613999,-0.5798
1.09351,0.000506349,1.1504,-0.6748,1.1504,-0.5798,-0.00164881,-0.000526706,-0.6748,0.0007178,-0.000613999,-0.5798
1.10346,0.000506349,1.1504,-0.6748,1.1504,-0.5798,-0.00164881,-0.000526706,-0.6748,0.0007178,-0.000613999,-0.5798
1.11349,0.000506349,1.1504,-0.6748,1.1504,-0.5798,-0.00164881,-0.000526706,-0.6748,0.0007178,-0.000613999,-0.5798
1.12354,0.000506349,1.1504,-0.6748,1.1504,-0.5798,-0.00164881,-0.000526706,-0.6748,0.0007178,-0.000613999,-0.5798
1.13353,0.000506349,1.1504,-0.6748,1.1504,-0.5798,-0.00164881,-0.000526706,-0.6748,0.0007178,-0.000613999,-0.5798
1.14372,0.000506349,1.1504,-0.6748,1.1504,-0.5798,-0.00164881,-0.000526706,-0.6748,0.0007178,-0.000613999,-0.5798
1.15377,0.000506349,1.1504,-0.6748,1.1504,-0.5798,-0.00164881,-0.000526706,-0.6748,0.0007178,-0.000613999,-0.5798
1.16376,0.000506349,1.1504,-0.6748,1.1504,-0.5798,-0.00164881,-0.000526706,-0.6748,0.0007178,-0.000613999,-0.5798
1.17379,0.000506349,1.1504,-0.6748,1.1504,-0.5798,-0.00164881,-0.000526706,-0.6748,0.0007178,-0.000613999,-0.5798
1.18395,0.000506349,1.1504,-0.6748,1.1504,-0.5798,-0.00164881,-0.000526706,-0.6748,0.0007178,-0.000613999,-0.5798
1.19379,0.000506349,1.1504,-0.6748,1.1504,-0.5798,-0.00164881,-0.000526706,-0.6748,0.0007178,-0.000613999,-0.5798
1.20399,0.000506349,1.1504,-0.6748,1.1504,-0.5798,-0.00164881,-0.000526706,-0.6748,0.0007178,-0.000613999,-0.5798
1.21397,0.000506349,1.1504,-0.6748,1.1504,-0.5798,-0.00164881,-0.000526706,-0.6748,0.0007178,-0.000613999,-0.5798
1.22396,0.000506349,1.1504,-0.6748,1.1504,-0.5798,-0.00164881,-0.000526706,-0.6748,0.0007178,-0.000613999,-0.5798
1.23394,0.000506349,1.1504,-0.6748,1.1504,-0.5798,-0.00164881,-0.000526706,-0.6748,0.0007178,-0.000613999,-0.5798
1.244,0.000506349,1.1504,-0.6748,1.1504,-0.5798,-0.00164881,-0.000526706,-0.6748,0.0007178,-0.000613999,-0.5798
1.25403,0.000506349,1.1504,-0.6748,1.1504,-0.5798,-0.00164881,-0.000526706,-0.6748,0.0007178,-0.000613999,-0.5798
1.26394,0.000506349,1.1504,-0.6748,1.1504,-0.5798,-0.00164881,-0.000526706,-0.6748,0.0007178,-0.000613999,-0.5798
1.27402,0.000506349,1.1504,-0.6748,1.1504,-0.5798,-0.00164881,-0.000526706,-0.6748,0.0007178,-0.000613999,-0.5798
1.28408,0.000506349,1.1504,-0.6748,1.1504,-0.5798,-0.00164881,-0.000526706,-0.6748,0.0007178,-0.000613999,-0.5798
1.29412,0.000506349,1.1504,-0.6748,1.1504,-0.5798,-0.00164881,-0.000526706,-0.6748,0.0007178,-0.000613999,-0.5798
1.30413,0.000506349,1.1504,-0.6748,1.1504,-0.5798,-0.00164881,-0.000526706,-0.6748,0.0007178,-0.000613999,-0.5798
1.31417,0.000506349,1.1504,-0.6748,1.1504,-0.5798,-0.00164881,-0.000526706,-0.6748,0.0007178,-0.000613999,-0.5798
1.3241,0.000506349,1.1504,-0.6748,1.1504,-0.5798,-0.00164881,-0.000526706,-0.6748,0.0007178,-0.000613999,-0.5798
1.33412,0.000506349,1.1504,-0.6748,1.1504,-0.5798,-0.00164881,-0.000526706,-0.6748,0.0007178,-0.000613999,-0.5798
1.34417,0.000506349,1.1504,-0.6748,1.1504,-0.5798,-0.00164881,-0.000526706,-0.6748,0.0007178,-0.000613999,-0.5798
1.35417,0.000506349,1.1504,-0.6748,1.1504,-0.5798,-0.00164881,-0.000526706,-0.6748,0.0007178,-0.000613999,-0.5798
1.36415,0.000506349,1.1504,-0.6748,1.1504,-0.5798,-0.00164881,-0.000526706,-0.6748,0.0007178,-0.000613999,-0.5798
1.37428,0.000506349,1.1504,-0.6748,1.1504,-0.5798,-0.00164881,-0.000526706,-0.6748,0.0007178,-0.000613999,-0.5798
1.38423,0.000506349,1.1504,-0.6748,1.1504,-0.5798,-0.00164881,-0.000526706,-0.6748,0.0007178,-0.000613999,-0.5798
1.3949,0.000506349,1.1504,-0.6748,1.1504,-0.5798,-0.00164881,-0.000526706,-0.6748,0.0007178,-0.000613999,-0.5798
1.97462,0.000506349,1.1504,-0.6748,1.1504,-0.5798,-0.00164881,-0.000526706,-0.6748,0.0007178,-0.000613999,-0.5798
1.97767,0.000506349,1.1504,-0.6748,1.1504,-0.5798,-0.00164881,-0.000526706,-0.6748,0.0007178,-0.000613999,-0.5798
1.98551,0.000506349,1.1504,-0.6748,1.1504,-0.5798,-0.00164881,-0.000526706,-0.6748,0.0007178,-0.000613999,-0.5798
1.99555,0.000506349,1.1504,-0.6748,1.1504,-0.5798,-0.00164881,-0.000526706,-0.6748,0.0007178,-0.000613999,-0.5798
2.00553,0.000126988,1.1505,-0.674746,1.15049,-0.579931,-0.0011541,-0.000140318,-0.6748,0.000285753,-0.000203537,-0.579892
2.01551,-0.000252372,1.1506,-0.674691,1.15059,-0.580062,-0.000659399,0.000246071,-0.6748,-0.000146294,0.000206924,-0.579985
2.02566,-0.000631733,1.1507,-0.674636,1.15068,-0.580192,-0.000164695,0.000632459,-0.674895,-0.000578341,0.000617385,-0.580077
2.03562,-7.65E-05,1.15043,-0.674783,1.15043,-0.579841,1.17E-05,7.69E-05,-0.67499,-7.46E-05,7.69E-05,-0.579829
2.0456,0.00188068,1.1496,-0.67523,1.14967,-0.578767,-0.000289403,-0.00189149,-0.675085,0.00183279,-0.00189,-0.579071
2.05561,0.00501938,1.14824,-0.675951,1.14843,-0.577026,-0.000773907,-0.00504823,-0.67535,0.00489018,-0.00504351,-0.577851
2.06561,0.0104215,1.14587,-0.677195,1.14628,-0.574011,-0.00160949,-0.0104814,-0.675921,0.0101508,-0.0104703,-0.575747
2.07563,0.0153393,1.14365,-0.678341,1.14425,-0.571199,-0.00237642,-0.0154275,-0.676393,0.0149341,-0.0154076,-0.573814
2.08576,0.0202639,1.14135,-0.679503,1.14216,-0.568317,-0.00315066,-0.0203806,-0.67682,0.0197184,-0.0203489,-0.571862
2.09579,0.0253941,1.13888,-0.680738,1.13988,-0.565223,-0.00396686,-0.0255409,-0.677201,0.024694,-0.0254927,-0.569803
2.10578,0.0307298,1.13624,-0.682047,1.1374,-0.561916,-0.00482501,-0.0309086,-0.677536,0.0298609,-0.030839,-0.567635
2.11583,0.0365315,1.13332,-0.683511,1.13459,-0.558222,-0.00576906,-0.0367456,-0.677838,0.03547,-0.0366484,-0.565244
2.126,0.0427992,1.13011,-0.68513,1.13146,-0.554141,-0.00679902,-0.0430519,-0.678106,0.0415213,-0.0429208,-0.562628
2.13586,0.0494324,1.12663,-0.686916,1.12803,-0.549694,-0.0079031,-0.0497262,-0.678315,0.0479149,-0.0495545,-0.559808
2.14593,0.0564312,1.12289,-0.688868,1.1243,-0.544881,-0.00908129,-0.0567686,-0.678464,0.0546506,-0.0565495,-0.556785
2.156,0.0637672,1.1189,-0.691023,1.12023,-0.539692,-0.0103324,-0.0641511,-0.678538,0.0616996,-0.0638782,-0.553554
2.16613,0.0714404,1.11467,-0.693381,1.1158,-0.534125,-0.0116565,-0.0718737,-0.678485,0.069062,-0.0715404,-0.550116
2.17603,0.0793827,1.11026,-0.695979,1.11104,-0.528204,-0.0130454,-0.079868,-0.678431,0.0766709,-0.0794689,-0.546483
2.18684,0.0875942,1.10569,-0.69882,1.10595,-0.521928,-0.0144991,-0.088134,-0.678377,0.0845263,-0.0876636,-0.542654
2.19605,0.0959446,1.10107,-0.701927,1.1006,-0.515371,-0.0159988,-0.0965402,-0.678228,0.0925023,-0.0959951,-0.538668
2.20599,0.104434,1.09642,-0.705301,1.09501,-0.508533,-0.0175445,-0.105087,-0.677985,0.100599,-0.104463,-0.534523
2.21621,0.11293,1.09182,-0.708931,1.08921,-0.501524,-0.0191154,-0.113641,-0.677683,0.108694,-0.112941,-0.530269
2.22625,0.121434,1.08729,-0.712816,1.08321,-0.494343,-0.0207115,-0.122204,-0.677324,0.116786,-0.121428,-0.525906
2.23615,0.129837,1.08292,-0.716944,1.07708,-0.487097,-0.0223147,-0.130666,-0.676918,0.124777,-0.129821,-0.521478
2.24629,0.138139,1.07871,-0.721315,1.07083,-0.479786,-0.0239249,-0.139029,-0.676466,0.132666,-0.13812,-0.516986
2.25618,0.146262,1.07475,-0.725922,1.06453,-0.472501,-0.0255278,-0.147212,-0.675981,0.140379,-0.14625,-0.51247
2.27628,0.161914,1.0677,-0.735833,1.05187,-0.458086,-0.0287,-0.162984,-0.674931,0.155233,-0.16195,-0.503403
2.28634,0.169389,1.06467,-0.741124,1.04554,-0.45103,-0.0302579,-0.170517,-0.674381,0.162323,-0.169466,-0.498891
2.29671,0.176592,1.06205,-0.746622,1.03925,-0.444139,-0.0317882,-0.177778,-0.67383,0.169162,-0.176729,-0.494426
2.30641,0.183524,1.05982,-0.752327,1.03302,-0.437413,-0.0332907,-0.184766,-0.673277,0.175747,-0.183736,-0.490009
2.31639,0.190166,1.05801,-0.758217,1.0269,-0.430901,-0.0347597,-0.191463,-0.672733,0.182071,-0.190477,-0.485664
2.32636,0.196518,1.05664,-0.764291,1.0209,-0.424602,-0.036195,-0.197869,-0.6722,0.188132,-0.19695,-0.481391
2.33644,0.202589,1.05567,-0.770519,1.01503,-0.418543,-0.0375949,-0.203992,-0.671688,0.19394,-0.203166,-0.477206
2.3464,0.208378,1.05512,-0.7769,1.00931,-0.412724,-0.0389592,-0.209834,-0.671199,0.199494,-0.209125,-0.473108
2.35644,0.213907,1.05496,-0.783416,1.00374,-0.407146,-0.0402883,-0.215413,-0.670738,0.204816,-0.214845,-0.46911
2.36667,0.219176,1.05519,-0.790065,0.998328,-0.401809,-0.0415821,-0.220731,-0.670306,0.209905,-0.220328,-0.46521
2.37661,0.224209,1.0558,-0.796837,0.993074,-0.396696,-0.042842,-0.225811,-0.669904,0.214788,-0.225598,-0.461417
2.3865,0.229006,1.05679,-0.803732,0.987983,-0.391809,-0.0440679,-0.230652,-0.669531,0.219463,-0.230653,-0.45773
2.39667,0.233585,1.05812,-0.810726,0.983062,-0.387126,-0.0452608,-0.235274,-0.669191,0.223951,-0.235514,-0.45415
2.40667,0.238382,1.05995,-0.818529,0.977837,-0.3822,-0.0465367,-0.240116,-0.668854,0.228681,-0.240648,-0.45033
2.41668,0.242503,1.06196,-0.825711,0.973295,-0.377943,-0.047658,-0.244278,-0.66859,0.232777,-0.245103,-0.446987
2.42666,0.246465,1.0642,-0.832953,0.968891,-0.373834,-0.0487537,-0.248279,-0.668354,0.236736,-0.249415,-0.443732
2.43675,0.250211,1.06674,-0.840256,0.964695,-0.369921,-0.049812,-0.252063,-0.66816,0.240508,-0.25353,-0.440611
2.44674,0.253812,1.06948,-0.847598,0.960636,-0.366139,-0.0508453,-0.255702,-0.667994,0.244153,-0.257513,-0.437579
2.45681,0.257213,1.07243,-0.854969,0.956782,-0.362525,-0.051842,-0.259138,-0.667866,0.247628,-0.261315,-0.434679
2.46676,0.26048,1.07553,-0.862358,0.953065,-0.359021,-0.0528143,-0.262439,-0.667764,0.250987,-0.264997,-0.431866
2.47692,0.263564,1.07879,-0.869741,0.949548,-0.355655,-0.0537507,-0.265553,-0.667723,0.254188,-0.26851,-0.429181
2.48684,0.266526,1.08216,-0.877119,0.946164,-0.35238,-0.054663,-0.268544,-0.667723,0.257282,-0.27191,-0.42658
2.49698,0.269319,1.08563,-0.884454,0.942969,-0.349214,-0.05554,-0.271367,-0.667723,0.260226,-0.275148,-0.424104
2.50698,0.272002,1.08918,-0.891761,0.9399,-0.346121,-0.0563932,-0.27408,-0.667749,0.263069,-0.278279,-0.42171
2.51701,0.274528,1.09276,-0.89899,0.937011,-0.343111,-0.0572115,-0.276636,-0.667774,0.26577,-0.281258,-0.419437
2.52712,0.276951,1.09636,-0.906166,0.93424,-0.340158,-0.0580065,-0.279088,-0.6678,0.268375,-0.284135,-0.417243
2.53705,0.279232,1.09993,-0.913232,0.931641,-0.337261,-0.0587669,-0.281395,-0.667876,0.270846,-0.286868,-0.415164
2.54713,0.281416,1.10348,-0.920223,0.929154,-0.334403,-0.0595041,-0.283606,-0.667986,0.273228,-0.289505,-0.413161
2.55701,0.28347,1.10695,-0.927072,0.92683,-0.331575,-0.0602068,-0.285685,-0.668115,0.275481,-0.292002,-0.411266
2.56718,0.285438,1.11038,-0.933827,0.924614,-0.328766,-0.0608864,-0.287677,-0.668258,0.27765,-0.294405,-0.409442
2.57721,0.287285,1.11365,-0.940405,0.922546,-0.325967,-0.0615318,-0.289546,-0.668418,0.279694,-0.296673,-0.407723
2.58727,0.289052,1.11683,-0.946867,0.920577,-0.323174,-0.0621542,-0.291333,-0.668591,0.281654,-0.298852,-0.406073
2.59721,0.290707,1.11981,-0.953123,0.918743,-0.320372,-0.0627424,-0.293006,-0.668777,0.283492,-0.300898,-0.404521
2.60729,0.292288,1.12266,-0.959242,0.916998,-0.317564,-0.0633078,-0.294602,-0.668972,0.285248,-0.302857,-0.403035
2.61728,0.293763,1.12529,-0.96513,0.915377,-0.314726,-0.0638388,-0.296091,-0.669173,0.286885,-0.304684,-0.401636
2.62736,0.295168,1.12776,-0.970862,0.913838,-0.31187,-0.0643469,-0.297509,-0.669378,0.288444,-0.306425,-0.400297
2.63729,0.296474,1.12997,-0.976336,0.912415,-0.308971,-0.0648204,-0.298829,-0.669587,0.289886,-0.308036,-0.399044
2.64736,0.297714,1.13199,-0.981638,0.911069,-0.306042,-0.0652707,-0.300084,-0.669797,0.291251,-0.309562,-0.39785
2.65735,0.298861,1.1337,-0.986657,0.909828,-0.303058,-0.0656864,-0.301247,-0.670007,0.2925,-0.310961,-0.396738
2.66734,0.299946,1.1352,-0.991488,0.908658,-0.300038,-0.066079,-0.302349,-0.670216,0.293671,-0.312275,-0.395682
2.67736,0.300945,1.13635,-0.996016,0.907582,-0.296954,-0.0664369,-0.303363,-0.670418,0.294727,-0.313461,-0.394702
2.68738,0.301886,1.13728,-1.00034,0.906568,-0.293827,-0.0667718,-0.304319,-0.670616,0.295704,-0.314564,-0.393771
2.69749,0.302745,1.13782,-1.00435,0.905643,-0.290627,-0.0670717,-0.30519,-0.670803,0.296568,-0.315541,-0.392914
2.70748,0.30355,1.13811,-1.00813,0.904776,-0.28738,-0.0673484,-0.306004,-0.670984,0.297355,-0.316433,-0.392104
2.71756,0.304276,1.13801,-1.01158,0.903992,-0.284052,-0.0675902,-0.306738,-0.671154,0.29803,-0.317201,-0.391366
2.7275,0.30495,1.13765,-1.01481,0.903262,-0.280672,-0.0678086,-0.307418,-0.671315,0.29863,-0.317886,-0.390676
2.73753,0.305549,1.13688,-1.01769,0.902606,-0.277207,-0.0679923,-0.308023,-0.671462,0.299118,-0.318447,-0.390055
2.74766,0.306096,1.13585,-1.02034,0.902,-0.273687,-0.0681528,-0.308577,-0.671599,0.299531,-0.318925,-0.389481
2.75764,0.306612,1.13424,-1.02283,0.901415,-0.269713,-0.0682888,-0.3091,-0.67173,0.299855,-0.319307,-0.388926
2.76761,0.307036,1.13254,-1.02488,0.900927,-0.266049,-0.0683913,-0.309529,-0.671838,0.300082,-0.31958,-0.388462
2.77762,0.307376,1.13034,-1.02651,0.900518,-0.262287,-0.0684221,-0.309872,-0.671923,0.30015,-0.31971,-0.388073
2.78768,0.307679,1.12792,-1.02796,0.900143,-0.258482,-0.0684221,-0.310178,-0.671998,0.300088,-0.319779,-0.387717
2.79775,0.307898,1.12499,-1.029,0.899845,-0.25458,-0.0684221,-0.310401,-0.67202,0.300026,-0.319706,-0.387439
2.80774,0.308082,1.12184,-1.02985,0.89958,-0.250638,-0.0684003,-0.310588,-0.67202,0.299964,-0.319573,-0.387194
2.81774,0.308181,1.11819,-1.03027,0.899394,-0.2466,-0.0683785,-0.31069,-0.67202,0.299722,-0.319301,-0.387028
2.8278,0.308244,1.11433,-1.0305,0.899243,-0.242521,-0.0683568,-0.310755,-0.67202,0.299404,-0.31897,-0.386895
2.8378,0.308223,1.11,-1.0303,0.899198,-0.238351,-0.068263,-0.310734,-0.67202,0.298962,-0.318503,-0.386855
2.84781,0.308167,1.10546,-1.02992,0.899229,-0.234143,-0.0681384,-0.310677,-0.671978,0.298468,-0.317978,-0.386907
2.85794,0.308029,1.10045,-1.02913,0.89926,-0.229855,-0.0679752,-0.310535,-0.671936,0.29785,-0.317317,-0.386958
2.8679,0.307857,1.09524,-1.02817,0.899291,-0.225533,-0.0677954,-0.310355,-0.671893,0.297179,-0.316598,-0.38701
2.87794,0.307597,1.0896,-1.02682,0.899449,-0.221143,-0.0675778,-0.31009,-0.671805,0.296391,-0.315746,-0.387184
2.88797,0.307299,1.08377,-1.0253,0.899661,-0.216725,-0.0673439,-0.309786,-0.671698,0.295554,-0.314837,-0.38741
2.89806,0.306909,1.07754,-1.02339,0.899972,-0.212249,-0.0670729,-0.309393,-0.671569,0.294601,-0.3138,-0.387731
2.90805,0.306479,1.07112,-1.02132,0.900324,-0.20775,-0.0667861,-0.30896,-0.671431,0.2936,-0.312708,-0.388092
2.91805,0.305955,1.06431,-1.01887,0.900788,-0.203207,-0.0664627,-0.308431,-0.671269,0.292481,-0.31149,-0.388558
2.92827,0.30539,1.05734,-1.01626,0.901299,-0.198646,-0.0661237,-0.30786,-0.671096,0.291312,-0.310218,-0.389069
2.93819,0.304725,1.05003,-1.01332,0.90193,-0.194064,-0.0657483,-0.307188,-0.670904,0.29003,-0.30882,-0.38969
2.94813,0.304018,1.04259,-1.01024,0.902612,-0.189474,-0.0653575,-0.306472,-0.670705,0.2887,-0.307369,-0.390358
2.95821,0.303205,1.03487,-1.00686,0.903427,-0.184888,-0.0649307,-0.305649,-0.670489,0.287261,-0.305791,-0.391143
2.96817,0.302347,1.02705,-1.00335,0.904299,-0.180305,-0.0644886,-0.304781,-0.670267,0.285776,-0.304159,-0.391979
2.97821,0.301378,1.019,-0.999555,0.905319,-0.175754,-0.0640113,-0.303799,-0.670028,0.28418,-0.302404,-0.392946
2.9883,0.300362,1.01085,-0.995633,0.906404,-0.171216,-0.0635189,-0.302769,-0.669782,0.282536,-0.300594,-0.393968
2.99838,0.299221,1.00257,-0.991475,0.907656,-0.166743,-0.0629912,-0.301616,-0.669526,0.280781,-0.298662,-0.395136
3.00836,0.298028,0.994238,-0.987215,0.908979,-0.162296,-0.0624484,-0.30041,-0.669264,0.278977,-0.296676,-0.396366
3.01836,0.2967,0.985858,-0.982771,0.910487,-0.157952,-0.0618703,-0.299069,-0.668995,0.277058,-0.294565,-0.397755
3.02839,0.295315,0.97746,-0.978247,0.912074,-0.15365,-0.061277,-0.29767,-0.668722,0.27509,-0.2924,-0.399213
3.0486,0.292202,0.96073,-0.968849,0.915741,-0.145402,-0.0600041,-0.294512,-0.668156,0.270868,-0.287752,-0.402546
3.05852,0.290454,0.952509,-0.964025,0.917845,-0.141503,-0.0593236,-0.292742,-0.667866,0.268609,-0.285264,-0.404439
3.06964,0.288637,0.944347,-0.959162,0.920047,-0.137689,-0.0586277,-0.290904,-0.667574,0.266297,-0.282719,-0.406413
3.07863,0.286642,0.936439,-0.954261,0.922497,-0.134124,-0.0578943,-0.288888,-0.667277,0.263856,-0.280032,-0.408596
3.08862,0.284571,0.92864,-0.949345,0.925053,-0.130667,-0.0571448,-0.286797,-0.666979,0.261359,-0.277284,-0.410868
3.09859,0.282309,0.921212,-0.94445,0.927875,-0.127521,-0.0563565,-0.284508,-0.666677,0.258723,-0.274383,-0.41337
3.10867,0.279729,0.913218,-0.939076,0.931104,-0.124207,-0.0554711,-0.281897,-0.666343,0.255757,-0.271119,-0.41623
3.11864,0.277139,0.906523,-0.934284,0.934367,-0.121621,-0.0546198,-0.279276,-0.666029,0.252886,-0.267958,-0.41911
3.12885,0.274488,0.899972,-0.929514,0.937713,-0.119141,-0.0537569,-0.276592,-0.665714,0.24997,-0.264749,-0.42206
3.13874,0.271563,0.894145,-0.924908,0.941409,-0.117167,-0.0528454,-0.273633,-0.665382,0.24686,-0.261328,-0.425314
3.14874,0.268569,0.888499,-0.920343,0.945193,-0.11532,-0.0519217,-0.270606,-0.665047,0.243702,-0.257855,-0.428644
3.15877,0.265268,0.883725,-0.916012,0.949344,-0.114061,-0.0509468,-0.267269,-0.664688,0.240326,-0.25415,-0.432307
3.16876,0.261891,0.87917,-0.91174,0.953586,-0.112949,-0.0499592,-0.263856,-0.664322,0.236896,-0.250388,-0.436054
3.17885,0.258167,0.875639,-0.907761,0.958207,-0.112506,-0.0489165,-0.260095,-0.663918,0.233215,-0.24636,-0.440156
3.18894,0.254358,0.872364,-0.903856,0.962922,-0.11223,-0.0478601,-0.256247,-0.663503,0.229471,-0.242265,-0.444348
3.199,0.250161,0.870249,-0.900297,0.968023,-0.112701,-0.0467449,-0.252011,-0.663028,0.225442,-0.237868,-0.448916
3.20896,0.245869,0.868425,-0.896825,0.97322,-0.113359,-0.045615,-0.247677,-0.662538,0.22134,-0.233395,-0.453578
3.21908,0.241146,0.867877,-0.893746,0.978802,-0.114839,-0.0444225,-0.242907,-0.66196,0.216914,-0.228581,-0.458637
3.22905,0.236316,0.867649,-0.890765,0.984479,-0.116526,-0.0432143,-0.238029,-0.66136,0.212406,-0.223682,-0.463795
3.23912,0.230996,0.868808,-0.888205,0.990524,-0.11911,-0.0419387,-0.232655,-0.660636,0.207519,-0.218386,-0.469379
3.24917,0.225553,0.870315,-0.88575,0.996661,-0.121918,-0.0406462,-0.227158,-0.659882,0.202536,-0.21299,-0.475069
3.25922,0.219562,0.873286,-0.883711,1.00313,-0.1257,-0.039283,-0.221111,-0.658959,0.197115,-0.207143,-0.481196
3.26912,0.213435,0.876623,-0.881777,1.00969,-0.129725,-0.0379022,-0.214927,-0.657993,0.191586,-0.201182,-0.487433
3.2793,0.206719,0.881442,-0.880223,1.01652,-0.134787,-0.0364503,-0.208153,-0.656806,0.185571,-0.194726,-0.494093
3.28927,0.199856,0.886633,-0.878765,1.02343,-0.140108,-0.0349807,-0.201231,-0.655564,0.179435,-0.188147,-0.50086
3.29931,0.192396,0.89322,-0.877619,1.03051,-0.146454,-0.0334448,-0.193706,-0.654055,0.172794,-0.181052,-0.508013
3.30932,0.184786,0.900157,-0.876551,1.03765,-0.153057,-0.0318923,-0.186031,-0.652479,0.166027,-0.173829,-0.515262
3.31931,0.176594,0.908334,-0.87571,1.04484,-0.160622,-0.0302827,-0.17777,-0.650598,0.158756,-0.166095,-0.522831
3.32941,0.168258,0.916822,-0.874927,1.05206,-0.168429,-0.0286588,-0.169362,-0.648641,0.151359,-0.158233,-0.53048
3.33939,0.159378,0.926338,-0.874274,1.0592,-0.177095,-0.026991,-0.160412,-0.646349,0.143478,-0.149885,-0.538357
3.34947,0.150363,0.936111,-0.873654,1.06633,-0.185977,-0.0253123,-0.151328,-0.643973,0.135475,-0.141417,-0.546292
3.35945,0.140877,0.946636,-0.873046,1.07323,-0.195585,-0.0236058,-0.14177,-0.641241,0.127032,-0.132517,-0.554354
3.3694,0.131274,0.957349,-0.872441,1.08008,-0.205374,-0.0218923,-0.132095,-0.638421,0.11848,-0.123509,-0.562448
3.37941,0.121304,0.968491,-0.871736,1.08655,-0.215699,-0.0201709,-0.122052,-0.63525,0.109566,-0.114152,-0.57054
3.38957,0.111242,0.97974,-0.871006,1.09292,-0.226158,-0.0184477,-0.111917,-0.631992,0.100562,-0.104709,-0.578632
3.3996,0.100946,0.991051,-0.870087,1.09881,-0.236901,-0.0167386,-0.101552,-0.628417,0.0913002,-0.095025,-0.586573
3.40965,0.0905903,1.00238,-0.869121,1.10456,-0.247714,-0.0150332,-0.091129,-0.624764,0.0819742,-0.0852813,-0.594476
3.41972,0.0790917,1.01444,-0.867814,1.11019,-0.259589,-0.0131928,-0.0795639,-0.620458,0.071545,-0.0744222,-0.602861
3.4297,0.0686167,1.02533,-0.866576,1.11516,-0.270379,-0.0115269,-0.0690299,-0.616485,0.0620295,-0.0645217,-0.610422
3.43968,0.0581579,1.0355,-0.865088,1.11932,-0.280878,-0.0099072,-0.0585227,-0.612291,0.0524389,-0.0545818,-0.617573
3.44974,0.0477008,1.04559,-0.863572,1.12339,-0.291343,-0.00829267,-0.0480185,-0.608072,0.04284,-0.0446375,-0.624679
3.45991,0.0373403,1.05481,-0.861812,1.12662,-0.301337,-0.00672567,-0.0376263,-0.603685,0.0332305,-0.0347194,-0.631315
3.46991,0.0269904,1.06393,-0.860026,1.12976,-0.311279,-0.00516395,-0.0272466,-0.59928,0.0236199,-0.0248042,-0.637898
3.47983,0.0167836,1.07199,-0.858029,1.13205,-0.32062,-0.00364332,-0.0170294,-0.594758,0.0140335,-0.0149515,-0.643988
3.48993,0.00659271,1.07993,-0.856008,1.13424,-0.329895,-0.00212726,-0.00683031,-0.590222,0.00444975,-0.00510567,-0.650023
3.50008,-0.00344016,1.08674,-0.853819,1.1356,-0.338485,-0.000638201,0.00318663,-0.585607,-0.00510289,0.0046706,-0.655564
3.5099,-0.0134555,1.09343,-0.851611,1.13687,-0.346999,0.000847854,0.0131833,-0.580982,-0.0146521,0.0144391,-0.661051
3.51985,-0.0233324,1.09902,-0.849277,1.13733,-0.354794,0.00232882,0.0230126,-0.576292,-0.024193,0.0241629,-0.666068
3.53002,-0.0331939,1.1045,-0.846929,1.1377,-0.36251,0.00380922,0.0328233,-0.571594,-0.0337331,0.0338816,-0.671033
3.54002,-0.0429825,1.10887,-0.844479,1.13722,-0.369557,0.00531465,0.042529,-0.5668,-0.0433238,0.0436195,-0.675582
3.54995,-0.0527629,1.11313,-0.842017,1.13664,-0.37653,0.00682287,0.052223,-0.561995,-0.0529201,0.0533595,-0.680084
3.56014,-0.0625524,1.11636,-0.839431,1.13529,-0.382935,0.00838683,0.0618948,-0.557098,-0.0626333,0.063192,-0.684204
3.57004,-0.0723429,1.11949,-0.83683,1.13384,-0.389276,0.00995698,0.0715641,-0.552191,-0.0723594,0.0730347,-0.688282
3.58012,-0.0822199,1.12174,-0.83405,1.13178,-0.395168,0.0116098,0.0812904,-0.547243,-0.0822574,0.0830328,-0.691987
3.59015,-0.0921065,1.1239,-0.83125,1.12965,-0.401009,0.0132717,0.091023,-0.542291,-0.0921745,0.0930482,-0.69565
3.61026,-0.122278,1.12698,-0.821963,1.12085,-0.416961,0.0186867,0.120595,-0.527674,-0.122698,0.123815,-0.70507
3.62017,-0.122278,1.12698,-0.821963,1.12085,-0.416961,0.0186867,0.120595,-0.527674,-0.122698,0.123815,-0.70507
3.63199,-0.132434,1.12736,-0.818688,1.11753,-0.421996,0.0205797,0.130527,-0.522907,-0.133009,0.134201,-0.707906
3.6402,-0.142684,1.12699,-0.815186,1.11396,-0.426707,0.0225818,0.140529,-0.518404,-0.143431,0.1447,-0.710364
3.65252,-0.16324,1.12546,-0.807921,1.10667,-0.43574,0.0267105,0.160561,-0.509897,-0.164328,0.16575,-0.714815
3.66035,-0.16324,1.12546,-0.807921,1.10667,-0.43574,0.0267105,0.160561,-0.509897,-0.164328,0.16575,-0.714815
3.67178,-0.17354,1.1243,-0.804161,1.10297,-0.440063,0.0288362,0.170584,-0.505913,-0.174795,0.176291,-0.716808
3.68031,-0.183781,1.12257,-0.800236,1.09945,-0.444053,0.0310415,0.18053,-0.502587,-0.185169,0.186739,-0.718426
3.6922,-0.194016,1.12078,-0.796294,1.09595,-0.448005,0.0332556,0.190466,-0.499335,-0.195534,0.197176,-0.720002
3.7004,-0.204071,1.11846,-0.792269,1.09295,-0.451585,0.0355178,0.200209,-0.496957,-0.205651,0.20737,-0.721232
3.71182,-0.214105,1.11608,-0.788234,1.09,-0.455124,0.0377854,0.20993,-0.494677,-0.215741,0.217536,-0.722422
3.72046,-0.223827,1.11329,-0.784223,1.08772,-0.458268,0.0400652,0.219326,-0.49334,-0.225435,0.227307,-0.723366
3.73162,-0.233515,1.11046,-0.780214,1.08552,-0.461368,0.0423464,0.228687,-0.492108,-0.235085,0.237034,-0.724281
3.74051,-0.242789,1.10735,-0.776324,1.08413,-0.464064,0.0446065,0.237627,-0.491852,-0.244217,0.246243,-0.725051
3.75205,-0.252017,1.10421,-0.772448,1.08283,-0.466715,0.0468642,0.246521,-0.491705,-0.253292,0.255395,-0.725805
3.7605,-0.260766,1.10089,-0.768764,1.0825,-0.46897,0.0490722,0.254938,-0.492558,-0.261767,0.263944,-0.726495
3.77215,-0.269461,1.09755,-0.765103,1.08229,-0.47118,0.0512747,0.263303,-0.493523,-0.270176,0.272426,-0.727179
3.78057,-0.277641,1.09414,-0.761697,1.0831,-0.473022,0.0534034,0.271154,-0.495473,-0.277937,0.280259,-0.727873
3.79218,-0.285764,1.09072,-0.75832,1.08402,-0.474823,0.0555238,0.278948,-0.497533,-0.285625,0.28802,-0.72857
3.80063,-0.294113,1.08699,-0.754941,1.08621,-0.476437,0.0577529,0.286939,-0.500834,-0.293342,0.295813,-0.72942
3.81226,-0.30165,1.0836,-0.7519,1.0883,-0.47787,0.05977,0.29415,-0.50393,-0.30029,0.30283,-0.7302
3.8207,-0.308611,1.08034,-0.749225,1.09156,-0.478987,0.0616689,0.300796,-0.50796,-0.306506,0.309111,-0.731121
3.83219,-0.315573,1.07709,-0.746549,1.09483,-0.480103,0.0635678,0.307441,-0.51199,-0.312722,0.315391,-0.732043
3.8408,-0.322004,1.07407,-0.744241,1.09915,-0.480964,0.0653425,0.313567,-0.516809,-0.318258,0.320987,-0.733135
3.85252,-0.328436,1.07106,-0.741933,1.10347,-0.481824,0.0671173,0.319692,-0.521628,-0.323794,0.326582,-0.734227
3.86081,-0.334398,1.06833,-0.739982,1.10874,-0.482487,0.0687681,0.325361,-0.527134,-0.328717,0.331561,-0.735478
3.8723,-0.34036,1.0656,-0.73803,1.114,-0.48315,0.070419,0.33103,-0.53264,-0.33364,0.33654,-0.73673
3.88084,-0.345917,1.06313,-0.736415,1.12009,-0.483665,0.0719504,0.333757,-0.538779,-0.33802,0.340974,-0.738095
3.89232,-0.351474,1.06066,-0.734799,1.12618,-0.484181,0.0734819,0.336484,-0.544918,-0.3424,0.345408,-0.73946
3.90094,-0.356677,1.05847,-0.733494,1.13295,-0.484587,0.0748975,0.334257,-0.551606,-0.346297,0.349355,-0.74089
3.91236,-0.36188,1.05628,-0.732189,1.13973,-0.484993,0.0763131,0.33203,-0.558294,-0.350193,0.353303,-0.742321
3.92104,-0.36677,1.05439,-0.73117,1.14706,-0.485321,0.077617,0.329782,-0.565447,-0.353667,0.356816,-0.743766
3.93246,-0.37166,1.0525,-0.73015,1.1544,-0.48565,0.078921,0.327534,-0.5726,-0.35714,0.36033,-0.74521
3.94102,-0.376268,1.05092,-0.729391,1.16219,-0.485927,0.0801183,0.325353,-0.580142,-0.360236,0.363458,-0.746611
3.95232,-0.380877,1.04934,-0.728632,1.16998,-0.486203,0.0813156,0.323171,-0.587685,-0.363332,0.366587,-0.748013
3.96106,-0.385229,1.04808,-0.728104,1.17804,-0.486442,0.0824112,0.321137,-0.595538,-0.366046,0.369368,-0.74932
3.97231,-0.38958,1.04681,-0.727576,1.1861,-0.486681,0.0835069,0.319103,-0.60339,-0.36876,0.372149,-0.750627
3.98139,-0.393695,1.0458,-0.727253,1.1943,-0.486895,0.0845059,0.317303,-0.61148,-0.37122,0.374619,-0.751783
3.99233,-0.39781,1.0448,-0.72693,1.2025,-0.48711,0.085505,0.315503,-0.61957,-0.37368,0.37709,-0.75294
4.00115,-0.401703,1.04401,-0.72679,1.21078,-0.487315,0.0864125,0.314027,-0.627829,-0.375882,0.379285,-0.753888
4.01242,-0.405596,1.04321,-0.72665,1.21906,-0.48752,0.08732,0.312551,-0.636088,-0.378084,0.381481,-0.754836
4.02132,-0.409279,1.04267,-0.72665,1.22725,-0.487718,0.088141,0.311469,-0.644446,-0.37876,0.383432,-0.755531
4.03233,-0.412961,1.04213,-0.726757,1.23545,-0.487916,0.088962,0.310388,-0.652803,-0.379435,0.385383,-0.756226
4.04128,-0.41644,1.04181,-0.726863,1.24342,-0.488108,0.0897015,0.30977,-0.661197,-0.379435,0.387096,-0.756623
4.05241,-0.41992,1.0415,-0.72697,1.2514,-0.4883,0.090441,0.309152,-0.66959,-0.379435,0.38881,-0.75702
4.06149,-0.4232,1.04133,-0.727224,1.25909,-0.48849,0.0911036,0.309069,-0.677966,-0.379435,0.390303,-0.757073
4.07204,-0.426481,1.04116,-0.727479,1.26679,-0.48868,0.0917663,0.308986,-0.686343,-0.379435,0.391796,-0.757127
4.08129,-0.429559,1.04116,-0.727819,1.27409,-0.48887,0.0923564,0.309493,-0.694644,-0.379435,0.393197,-0.756801
4.09199,-0.432638,1.04124,-0.728159,1.28139,-0.48906,0.0929465,0.31,-0.702945,-0.379435,0.394598,-0.756475
4.10135,-0.435514,1.04132,-0.728564,1.28819,-0.48925,0.0934682,0.311148,-0.711117,-0.379435,0.395704,-0.755738
4.11204,-0.43839,1.0414,-0.72897,1.295,-0.48944,0.09399,0.312296,-0.71929,-0.379435,0.39681,-0.755
4.12144,-0.441063,1.04162,-0.729425,1.30125,-0.489631,0.0944474,0.314131,-0.727289,-0.379435,0.397237,-0.753821
4.132,-0.443736,1.04183,-0.72988,1.3075,-0.489821,0.0949049,0.315966,-0.735288,-0.379435,0.397665,-0.752643
4.14147,-0.446195,1.04212,-0.730365,1.31314,-0.490009,0.095301,0.318518,-0.74307,-0.379435,0.397665,-0.751002
4.15195,-0.448654,1.0424,-0.730851,1.31878,-0.490196,0.0956972,0.321071,-0.750852,-0.379435,0.397665,-0.749362
4.16157,-0.450892,1.04275,-0.73135,1.32374,-0.490378,0.0960351,0.324373,-0.758376,-0.379435,0.397665,-0.747241
4.17228,-0.453332,1.04314,-0.7319,1.32912,-0.490578,0.0964013,0.328081,-0.766623,-0.379435,0.397665,-0.744858
4.18167,-0.455348,1.04356,-0.7324,1.33334,-0.490756,0.096684,0.332157,-0.77385,-0.379435,0.397665,-0.74224
4.19231,-0.457342,1.04399,-0.732898,1.33749,-0.490933,0.0969614,0.33631,-0.781044,-0.379435,0.397665,-0.739571
4.20174,-0.459131,1.04445,-0.733384,1.34095,-0.491106,0.0971908,0.33631,-0.787944,-0.379435,0.397665,-0.736454
4.21217,-0.460895,1.04491,-0.733867,1.34434,-0.491279,0.097415,0.346092,-0.794809,-0.379435,0.397665,-0.733286
4.22171,-0.462445,1.04538,-0.734326,1.347,-0.491448,0.0975929,0.351725,-0.801352,-0.379435,0.397665,-0.729667
4.23222,-0.46397,1.04585,-0.734782,1.34958,-0.491617,0.0977658,0.357437,-0.807856,-0.379435,0.397665,-0.725997
4.2418,-0.465273,1.04631,-0.735204,1.35139,-0.491784,0.097894,0.363857,-0.814011,-0.379435,0.397665,-0.721872
4.25227,-0.46655,1.04678,-0.735621,1.35312,-0.491951,0.0980174,0.370355,-0.820125,-0.379435,0.397665,-0.717697
4.26191,-0.467603,1.04725,-0.735994,1.35409,-0.492115,0.0980968,0.377549,-0.825869,-0.379435,0.397665,-0.713075
4.27185,-0.46863,1.04772,-0.736363,1.35497,-0.492279,0.0981684,0.384718,-0.831571,-0.379435,0.397665,-0.708404
4.28181,-0.46943,1.04818,-0.736682,1.35509,-0.492443,0.0981684,0.388676,-0.836886,-0.379435,0.397665,-0.703297
4.29202,-0.470204,1.04864,-0.736996,1.35513,-0.492607,0.0981684,0.388676,-0.842157,-0.379435,0.397665,-0.698142
4.30194,-0.470746,1.04908,-0.737257,1.35438,-0.492778,0.0981431,0.388676,-0.847028,-0.379435,0.397665,-0.69256
4.31201,-0.471262,1.04951,-0.73751,1.35354,-0.49295,0.0981178,0.388676,-0.851853,-0.379435,0.397665,-0.686933
4.32197,-0.471542,1.04995,-0.7377,1.35192,-0.49313,0.0980926,0.388676,-0.856264,-0.379435,0.397665,-0.680894
4.33209,-0.471795,1.05038,-0.737882,1.3502,-0.493312,0.0980586,0.388676,-0.860629,-0.379435,0.397665,-0.674812
4.34207,-0.471678,1.05081,-0.737997,1.34773,-0.493506,0.0979462,0.388676,-0.864572,-0.379435,0.397665,-0.668337
4.3521,-0.471562,1.05124,-0.7381,1.34517,-0.493702,0.0978289,0.388676,-0.868467,-0.379435,0.397665,-0.661821
4.36212,-0.471446,1.05164,-0.7381,1.34191,-0.493917,0.0976674,0.388676,-0.871939,-0.379435,0.397665,-0.654936
4.37217,-0.471291,1.05205,-0.7381,1.33856,-0.494136,0.0975009,0.388676,-0.875363,-0.379435,0.397665,-0.648012
4.38232,-0.470783,1.05244,-0.738041,1.33448,-0.494385,0.097289,0.388676,-0.878361,-0.379435,0.397665,-0.640739
4.39224,-0.470249,1.05284,-0.737982,1.33033,-0.494637,0.0970718,0.388676,-0.881312,-0.379435,0.397665,-0.63343
4.40224,-0.469476,1.05324,-0.737923,1.32547,-0.494928,0.0968077,0.388676,-0.883843,-0.379435,0.397665,-0.625799
4.4124,-0.468676,1.05364,-0.73785,1.32055,-0.495224,0.0965382,0.388676,-0.886328,-0.379435,0.397665,-0.618135
4.42242,-0.467639,1.05406,-0.737651,1.31501,-0.495565,0.0962199,0.388676,-0.888405,-0.379435,0.397665,-0.610181
4.43233,-0.466575,1.05449,-0.737443,1.30941,-0.495912,0.0958959,0.388676,-0.890438,-0.379435,0.397665,-0.602199
4.44239,-0.465274,1.05497,-0.73716,1.30322,-0.496319,0.095521,0.388676,-0.892076,-0.379435,0.397643,-0.59396
4.4532,-0.463948,1.05546,-0.736869,1.29696,-0.496734,0.0951401,0.388676,-0.893672,-0.379435,0.397621,-0.585696
4.46257,-0.462386,1.05601,-0.736501,1.29014,-0.497222,0.0947053,0.388676,-0.894892,-0.379435,0.3976,-0.577209
4.47256,-0.460798,1.05656,-0.736125,1.28326,-0.497718,0.0942642,0.388676,-0.896073,-0.379435,0.397478,-0.5687
4.48258,-0.458974,1.05714,-0.735675,1.27591,-0.498297,0.0937659,0.388676,-0.896902,-0.379435,0.396459,-0.560002
4.49256,-0.457124,1.05773,-0.735217,1.26851,-0.498888,0.0932608,0.388676,-0.897694,-0.379435,0.395407,-0.551288
4.50268,-0.454825,1.05847,-0.734634,1.25996,-0.49965,0.0926384,0.388676,-0.898206,-0.379435,0.393911,-0.541546
4.51263,-0.45268,1.05916,-0.734086,1.25211,-0.50037,0.0920583,0.388676,-0.898607,-0.379435,0.392544,-0.532668
4.52268,-0.450319,1.05996,-0.733472,1.24399,-0.501198,0.0914209,0.388676,-0.898747,-0.379435,0.391142,-0.523702
4.53272,-0.447903,1.06078,-0.73284,1.23582,-0.502056,0.0907683,0.388676,-0.898833,-0.379435,0.389696,-0.514724
4.54275,-0.445266,1.06171,-0.732138,1.2274,-0.503037,0.0900549,0.388676,-0.898696,-0.379219,0.388074,-0.505694
4.55281,-0.442573,1.06267,-0.731419,1.21895,-0.504053,0.089325,0.388676,-0.898513,-0.379004,0.386407,-0.496664
4.56271,-0.439655,1.06378,-0.730632,1.21035,-0.505206,0.0885297,0.388676,-0.898143,-0.378788,0.384556,-0.48763
4.57279,-0.436677,1.06493,-0.729827,1.20175,-0.506399,0.0877169,0.388676,-0.897734,-0.378302,0.382659,-0.478608
4.58295,-0.433462,1.06625,-0.728951,1.19311,-0.50775,0.0868342,0.388676,-0.897176,-0.376734,0.380576,-0.469632
4.59294,-0.430183,1.0676,-0.728055,1.18449,-0.509145,0.0859329,0.388676,-0.896592,-0.375023,0.378439,-0.460677
4.60296,-0.426649,1.06907,-0.727081,1.17594,-0.51072,0.0849577,0.388676,-0.895902,-0.372736,0.376086,-0.451815
4.61306,-0.423049,1.0706,-0.726086,1.16744,-0.512345,0.0839627,0.388676,-0.895198,-0.370374,0.373674,-0.442988
4.62313,-0.419181,1.07232,-0.725008,1.1591,-0.51417,0.0828888,0.388676,-0.894438,-0.36771,0.371021,-0.434309
4.63304,-0.415241,1.0741,-0.723909,1.15082,-0.51605,0.0817939,0.388676,-0.893674,-0.364991,0.368302,-0.425681
4.64305,-0.411013,1.0761,-0.722721,1.14281,-0.51815,0.0806151,0.388676,-0.8929,-0.362057,0.365318,-0.417258
4.6531,-0.406705,1.07815,-0.721507,1.13489,-0.52031,0.079414,0.388676,-0.892133,-0.359047,0.362258,-0.408902
4.66311,-0.402079,1.08037,-0.72019,1.12735,-0.522712,0.0781241,0.387972,-0.891398,-0.355732,0.358899,-0.400811
4.67317,-0.397366,1.08266,-0.718844,1.11992,-0.52518,0.0768107,0.386451,-0.890682,-0.352332,0.355455,-0.3928
4.68319,-0.392303,1.08519,-0.717375,1.11298,-0.527912,0.0754036,0.381662,-0.890044,-0.348593,0.35167,-0.385113
4.69338,-0.387144,1.08778,-0.715871,1.10618,-0.530715,0.0739719,0.37678,-0.889437,-0.34476,0.34779,-0.377522
4.70336,-0.381597,1.09062,-0.714226,1.09997,-0.533801,0.072442,0.371525,-0.88895,-0.340555,0.343529,-0.370315
4.71326,-0.375943,1.09352,-0.71254,1.09393,-0.536963,0.0708865,0.366164,-0.888502,-0.336243,0.339162,-0.363222
4.72341,-0.369856,1.09663,-0.710689,1.08859,-0.540426,0.0692285,0.360383,-0.888209,-0.331507,0.33437,-0.356581
4.73341,-0.363647,1.09978,-0.708786,1.08345,-0.54397,0.067544,0.354483,-0.887962,-0.326651,0.329457,-0.350073
4.74341,-0.356948,1.10312,-0.706675,1.07909,-0.547838,0.0657529,0.348107,-0.887896,-0.321312,0.324059,-0.344092
4.75353,-0.350113,1.10651,-0.704501,1.07495,-0.551788,0.0639349,0.341597,-0.88787,-0.315839,0.318526,-0.338273
4.76342,-0.342734,1.11006,-0.702073,1.0717,-0.556073,0.0620088,0.334554,-0.888009,-0.309829,0.31245,-0.333099
4.77352,-0.335207,1.11364,-0.69957,1.0687,-0.560438,0.0600567,0.327367,-0.888174,-0.303673,0.306229,-0.328123
4.78366,-0.327094,1.11736,-0.696772,1.06669,-0.565128,0.0579999,0.319601,-0.888444,-0.296937,0.299425,-0.323939
4.79357,-0.318831,1.12108,-0.693891,1.06492,-0.569891,0.0559202,0.311688,-0.888725,-0.290054,0.292472,-0.319977
4.80358,-0.309973,1.12485,-0.690679,1.06415,-0.574945,0.0537481,0.303186,-0.889047,-0.282582,0.284925,-0.316908
4.81366,-0.30097,1.12859,-0.687378,1.06362,-0.580059,0.0515576,0.294541,-0.889361,-0.274966,0.277234,-0.314077
4.82368,-0.290435,1.13263,-0.683358,1.0641,-0.585945,0.0490663,0.284402,-0.889666,-0.265954,0.268138,-0.312013
4.83366,-0.280659,1.13624,-0.679567,1.06487,-0.591358,0.0467822,0.274987,-0.889893,-0.25756,0.259667,-0.310509
4.84371,-0.270421,1.13969,-0.675456,1.06642,-0.596916,0.044453,0.26511,-0.890004,-0.248693,0.250725,-0.309871
4.85371,-0.260014,1.14303,-0.671207,1.06826,-0.602507,0.0421147,0.255063,-0.890023,-0.239652,0.241607,-0.309611
4.8637,-0.249213,1.14612,-0.666632,1.07076,-0.608173,0.039755,0.244618,-0.889828,-0.230203,0.232077,-0.310232
4.87379,-0.238286,1.14906,-0.661929,1.07349,-0.613831,0.0373984,0.234043,-0.889502,-0.220618,0.22241,-0.311221
4.88382,-0.227065,1.15167,-0.65693,1.07673,-0.619472,0.0350488,0.223165,-0.888871,-0.210713,0.212422,-0.313067
4.89382,-0.215773,1.15411,-0.651831,1.08011,-0.625057,0.0327155,0.21221,-0.888083,-0.200718,0.202345,-0.315243
4.90397,-0.204314,1.15615,-0.646502,1.08383,-0.630513,0.0304204,0.201075,-0.886926,-0.190512,0.192063,-0.318188
4.914,-0.192843,1.15797,-0.64111,1.08759,-0.635871,0.0281531,0.189919,-0.885615,-0.180266,0.181739,-0.32137
4.92402,-0.181344,1.15931,-0.635572,1.09145,-0.640999,0.0259508,0.178714,-0.883947,-0.169924,0.171318,-0.325107
4.93406,-0.169878,1.16042,-0.630005,1.09525,-0.645992,0.0237833,0.167531,-0.882137,-0.159581,0.160892,-0.328996
4.95408,-0.147166,1.16134,-0.618742,1.10247,-0.655194,0.0196484,0.145321,-0.877729,-0.138908,0.140039,-0.33757
4.96414,-0.135986,1.16114,-0.613116,1.10571,-0.65934,0.0176863,0.134357,-0.87516,-0.128633,0.129668,-0.342106
4.97412,-0.124884,1.1607,-0.607517,1.10877,-0.663308,0.0157603,0.12346,-0.872476,-0.118394,0.119327,-0.346669
4.98411,-0.113963,1.1597,-0.601982,1.11145,-0.66686,0.0139187,0.112718,-0.869528,-0.108236,0.109058,-0.351299
4.99422,-0.103124,1.15846,-0.596497,1.11393,-0.670218,0.0121092,0.102047,-0.866486,-0.0981163,0.0988194,-0.355904
5.00414,-0.0924782,1.15666,-0.591128,1.11591,-0.673125,0.0103746,0.0915411,-0.863223,-0.0880849,0.0886539,-0.360455
5.01417,-0.0819071,1.15461,-0.585825,1.11764,-0.675827,0.00866477,0.081096,-0.859887,-0.0780822,0.0785085,-0.364939
5.02422,-0.0715107,1.15199,-0.580675,1.11876,-0.678051,0.00701268,0.0707927,-0.856378,-0.0681461,0.0684102,-0.369269
5.03432,-0.0611617,1.14912,-0.575588,1.11962,-0.680066,0.00537356,0.0605243,-0.852805,-0.0582148,0.0583062,-0.373503
5.04455,-0.0509233,1.14564,-0.570648,1.11985,-0.681591,0.00376472,0.0503376,-0.849081,-0.0482945,0.0481889,-0.377515
5.05447,-0.0406983,1.14192,-0.565774,1.11981,-0.682897,0.00215614,0.040154,-0.845285,-0.0383525,0.0380379,-0.381424
5.06431,-0.0305046,1.13761,-0.561054,1.11916,-0.683693,0.000548145,0.0299781,-0.841323,-0.0283599,0.0278079,-0.385092
5.07439,-0.0202931,1.13308,-0.556416,1.11824,-0.68425,-0.00107119,0.019776,-0.837272,-0.0183237,0.0175214,-0.388666
5.08435,-0.0100401,1.12803,-0.551969,1.1167,-0.683835,-0.00271699,0.00951273,-0.833012,-0.00818621,0.00710273,-0.392019
5.09442,0.000244638,1.12276,-0.547627,1.11489,-0.68342,-0.00438161,-0.000788908,-0.828655,0.00200115,-0.00337933,-0.395276
5.10441,0.0106032,1.117,-0.543528,1.11243,-0.683005,-0.00609016,-0.0111801,-0.824072,0.0123048,-0.0140093,-0.398307
5.11446,0.0209947,1.11105,-0.539564,1.10971,-0.682229,-0.00782192,-0.0216093,-0.819389,0.0226529,-0.0246975,-0.401236
5.12445,0.0314631,1.10467,-0.535915,1.10635,-0.680612,-0.00960785,-0.0321274,-0.814472,0.0331047,-0.0355219,-0.403926
5.13456,0.0419546,1.09816,-0.532439,1.10274,-0.678748,-0.0114186,-0.0426723,-0.809456,0.0435851,-0.0463886,-0.406509
5.1445,0.0525001,1.09134,-0.529368,1.09854,-0.676306,-0.0132871,-0.0532801,-0.804208,0.054132,-0.0573539,-0.408838
5.15455,0.0630463,1.08448,-0.526519,1.0941,-0.673624,-0.0151789,-0.0638917,-0.798872,0.0646804,-0.0683322,-0.411051
5.16451,0.0735944,1.07751,-0.524188,1.08911,-0.67038,-0.0171248,-0.0745123,-0.793332,0.0752322,-0.0793408,-0.412991
5.17471,0.0841073,1.07059,-0.52214,1.0839,-0.666912,-0.0190883,-0.0850987,-0.787726,0.0857446,-0.0903202,-0.414809
5.18468,0.0955812,1.06309,-0.520613,1.07762,-0.662524,-0.0212932,-0.0966559,-0.781394,0.0972074,-0.102323,-0.416492
5.19468,0.105902,1.05645,-0.519678,1.0717,-0.658283,-0.0233088,-0.10705,-0.775596,0.107507,-0.113126,-0.417854
5.20473,0.116057,1.05008,-0.519423,1.06544,-0.653666,-0.025341,-0.117275,-0.769737,0.117626,-0.123767,-0.418963
5.21476,0.126033,1.044,-0.519634,1.05902,-0.648884,-0.02737,-0.127321,-0.763891,0.127561,-0.13423,-0.419903
5.2248,0.135741,1.03836,-0.520544,1.05235,-0.643853,-0.0293941,-0.1371,-0.758067,0.137219,-0.144426,-0.42059
5.23481,0.145216,1.0331,-0.521918,1.04557,-0.63874,-0.0314023,-0.146648,-0.752306,0.146643,-0.154391,-0.421115
5.24494,0.154344,1.02841,-0.523988,1.03865,-0.633503,-0.0333865,-0.155849,-0.74664,0.155716,-0.164009,-0.421399
5.25481,0.163204,1.02418,-0.526518,1.03171,-0.628251,-0.0353444,-0.164783,-0.741076,0.164522,-0.173363,-0.421539
5.26493,0.171666,1.02063,-0.529739,1.02472,-0.622979,-0.0372628,-0.173314,-0.735666,0.172928,-0.18232,-0.421463
5.27496,0.17984,1.0176,-0.533396,1.01778,-0.617758,-0.0391468,-0.181558,-0.730395,0.181051,-0.190991,-0.421262
5.28497,0.187583,1.01533,-0.537708,1.01088,-0.612614,-0.0409792,-0.189371,-0.725331,0.188748,-0.199231,-0.420872
5.29516,0.195031,1.01359,-0.54242,1.00407,-0.607574,-0.0427714,-0.196886,-0.720431,0.196158,-0.207177,-0.420379
5.30513,0.202037,1.01266,-0.547733,0.997389,-0.60269,-0.044503,-0.203957,-0.715774,0.203134,-0.214679,-0.41973
5.31515,0.208751,1.01225,-0.553397,0.990834,-0.597949,-0.0461908,-0.210735,-0.711292,0.209829,-0.221892,-0.419
5.32526,0.21503,1.01264,-0.55959,0.98447,-0.593423,-0.0478128,-0.217071,-0.70707,0.2161,-0.228672,-0.41815
5.33527,0.221037,1.01352,-0.566072,0.97826,-0.589064,-0.0493907,-0.223135,-0.703027,0.222112,-0.235184,-0.417246
5.34517,0.226639,1.01515,-0.572987,0.972284,-0.584958,-0.0509023,-0.228789,-0.699251,0.227735,-0.241294,-0.416259
5.35521,0.231996,1.01722,-0.580147,0.966481,-0.581019,-0.0523714,-0.234197,-0.695648,0.233127,-0.247164,-0.41524
5.36518,0.236986,1.01996,-0.587674,0.960936,-0.577332,-0.0537768,-0.239236,-0.692305,0.238173,-0.252674,-0.414171
5.37528,0.24176,1.02309,-0.595421,0.955574,-0.573792,-0.0551424,-0.244059,-0.689127,0.243016,-0.257973,-0.413087
5.38531,0.246208,1.0268,-0.603499,0.950482,-0.570471,-0.0564482,-0.248555,-0.686193,0.247557,-0.262957,-0.411979
5.39538,0.250466,1.03086,-0.61176,0.945575,-0.567276,-0.0577162,-0.252858,-0.683413,0.251919,-0.267751,-0.41087
5.40527,0.254435,1.03542,-0.620296,0.940942,-0.564269,-0.0589272,-0.256871,-0.680863,0.256012,-0.272262,-0.409759
5.41542,0.258233,1.04026,-0.62898,0.936492,-0.561366,-0.0601022,-0.260711,-0.678456,0.259947,-0.276603,-0.408657
5.42535,0.261775,1.04554,-0.637886,0.932316,-0.558619,-0.0612233,-0.264292,-0.676265,0.263642,-0.280688,-0.407571
5.43537,0.265163,1.05104,-0.646909,0.92832,-0.555951,-0.0623106,-0.267718,-0.674206,0.267195,-0.284622,-0.406505
5.44542,0.26832,1.05691,-0.656108,0.924594,-0.553404,-0.063347,-0.270912,-0.672346,0.270534,-0.288327,-0.405468
5.45554,0.27134,1.06292,-0.665388,0.921041,-0.550912,-0.0643509,-0.273969,-0.670607,0.273744,-0.291892,-0.404453
5.46544,0.274157,1.06917,-0.674789,0.917749,-0.548503,-0.0653061,-0.276819,-0.669049,0.276759,-0.295249,-0.403473
5.47543,0.276851,1.07552,-0.684238,0.91462,-0.546124,-0.0662302,-0.279545,-0.667601,0.279656,-0.298479,-0.40252
5.48543,0.279363,1.08201,-0.693758,0.911739,-0.54379,-0.0671076,-0.282086,-0.666319,0.282377,-0.301517,-0.401608
5.49556,0.281763,1.08855,-0.703297,0.909012,-0.541462,-0.0679553,-0.284514,-0.665138,0.284991,-0.304438,-0.400726
5.50555,0.283997,1.09519,-0.712864,0.906517,-0.539142,-0.0687587,-0.286775,-0.664108,0.287445,-0.307184,-0.399893
5.51551,0.286131,1.10181,-0.72242,0.904167,-0.536808,-0.0695334,-0.288935,-0.663167,0.289798,-0.30982,-0.399092
5.52565,0.288116,1.10841,-0.731959,0.902034,-0.534452,-0.0702649,-0.290945,-0.662359,0.292,-0.312293,-0.39834
5.53566,0.290011,1.11496,-0.741458,0.900035,-0.532061,-0.0709687,-0.292865,-0.661629,0.294107,-0.314661,-0.397621
5.54574,0.291949,1.12207,-0.751841,0.898059,-0.529372,-0.071697,-0.294828,-0.660956,0.296268,-0.317094,-0.396885
5.55569,0.293608,1.12843,-0.761195,0.896416,-0.526858,-0.0723254,-0.296509,-0.660431,0.29812,-0.319181,-0.396257
5.56567,0.295165,1.13468,-0.770466,0.894928,-0.524273,-0.0729203,-0.298087,-0.659992,0.299861,-0.321144,-0.39567
5.57577,0.29663,1.14075,-0.779624,0.89358,-0.521602,-0.0734822,-0.29957,-0.659629,0.301494,-0.322989,-0.395123
5.58577,0.298003,1.14663,-0.788668,0.892373,-0.518845,-0.0740111,-0.30096,-0.659341,0.30302,-0.324717,-0.394616
5.59594,0.299292,1.15228,-0.79757,0.891292,-0.515984,-0.0745077,-0.302264,-0.659117,0.304442,-0.326331,-0.394147
5.60582,0.300497,1.15769,-0.80633,0.890337,-0.513021,-0.0749719,-0.303481,-0.658959,0.305761,-0.32783,-0.393716
5.61584,0.301623,1.16284,-0.814919,0.889496,-0.509939,-0.0754042,-0.30462,-0.65888,0.30698,-0.329216,-0.393321
5.62593,0.30267,1.16772,-0.823338,0.888767,-0.506736,-0.0758047,-0.30568,-0.65888,0.3081,-0.330487,-0.392962
5.63594,0.303645,1.1723,-0.831562,0.888141,-0.503404,-0.0761736,-0.306668,-0.65888,0.30912,-0.33165,-0.392641
5.64597,0.304546,1.17659,-0.839592,0.887617,-0.499943,-0.0765109,-0.307583,-0.658943,0.310041,-0.332704,-0.392357
5.65599,0.30538,1.18055,-0.847405,0.887187,-0.496344,-0.0768169,-0.30843,-0.659006,0.310863,-0.33365,-0.392109
5.66604,0.306147,1.18418,-0.855002,0.886849,-0.492608,-0.0770916,-0.30921,-0.659069,0.311588,-0.33449,-0.391896
5.67621,0.30685,1.18746,-0.862361,0.886593,-0.488727,-0.0773353,-0.309925,-0.659186,0.312217,-0.335222,-0.391717
5.68616,0.30749,1.19039,-0.869484,0.886419,-0.484701,-0.077548,-0.310576,-0.659358,0.312751,-0.335845,-0.39157
5.69614,0.308071,1.19292,-0.876352,0.886332,-0.480527,-0.0777301,-0.311166,-0.659551,0.31319,-0.336362,-0.391457
5.70619,0.308592,1.19507,-0.882965,0.886374,-0.476206,-0.0778815,-0.311696,-0.659767,0.313535,-0.336773,-0.391377
5.71631,0.309057,1.19681,-0.889309,0.886417,-0.471736,-0.0780027,-0.312168,-0.659999,0.313786,-0.337078,-0.391337
5.72623,0.309466,1.19814,-0.895383,0.886459,-0.467119,-0.0780936,-0.312583,-0.660246,0.313942,-0.337279,-0.391337
5.73632,0.30982,1.19905,-0.901173,0.886589,-0.462353,-0.078139,-0.31294,-0.660504,0.31402,-0.33738,-0.391337
5.74642,0.31012,1.19956,-0.90668,0.886808,-0.45744,-0.078139,-0.31324,-0.660771,0.31388,-0.337257,-0.391425
5.75631,0.310367,1.19965,-0.911892,0.887082,-0.45238,-0.078139,-0.313487,-0.661043,0.31374,-0.337135,-0.391513
5.76631,0.31056,1.19932,-0.916809,0.887413,-0.447176,-0.0780896,-0.313681,-0.66132,0.313601,-0.337012,-0.391601
5.77634,0.3107,1.19857,-0.921423,0.887796,-0.44183,-0.0780401,-0.313824,-0.661596,0.313333,-0.336745,-0.391739
5.78634,0.310787,1.19739,-0.925734,0.888232,-0.436343,-0.0779907,-0.313915,-0.661872,0.312938,-0.336335,-0.391926
5.79718,0.31083,1.19579,-0.929736,0.888715,-0.430722,-0.0778933,-0.31396,-0.662143,0.312452,-0.335825,-0.392148
5.80642,0.310751,1.19377,-0.933429,0.889245,-0.424967,-0.0777479,-0.313879,-0.662409,0.311876,-0.335214,-0.392403
5.81647,0.310672,1.19132,-0.936809,0.889822,-0.419083,-0.077574,-0.313798,-0.66267,0.311213,-0.334505,-0.392695
5.82636,0.310593,1.18845,-0.939878,0.890446,-0.413073,-0.0773717,-0.313717,-0.662924,0.310463,-0.333698,-0.393024
5.84654,0.310213,1.18145,-0.945078,0.891839,-0.400694,-0.0768831,-0.313327,-0.66341,0.308709,-0.331799,-0.393805
5.85655,0.309931,1.17735,-0.947212,0.892612,-0.394338,-0.0765977,-0.313041,-0.663638,0.307707,-0.33071,-0.39426
5.86651,0.309592,1.17284,-0.949036,0.893436,-0.387874,-0.076285,-0.312703,-0.663855,0.306622,-0.329529,-0.394759
5.8767,0.309197,1.16795,-0.950553,0.894312,-0.381313,-0.0759458,-0.312306,-0.664058,0.305454,-0.328256,-0.395307
5.88665,0.308747,1.16268,-0.951763,0.895241,-0.374657,-0.07558,-0.311852,-0.664248,0.304205,-0.326892,-0.395903
5.89666,0.308239,1.15706,-0.952677,0.896226,-0.367919,-0.0751884,-0.311336,-0.664425,0.302875,-0.325438,-0.39655
5.90669,0.307616,1.15049,-0.953354,0.897373,-0.360418,-0.074729,-0.310701,-0.664605,0.301324,-0.323738,-0.39732
5.91663,0.306976,1.14411,-0.9536,0.898495,-0.35352,-0.0742811,-0.31005,-0.664754,0.299819,-0.322087,-0.398089
5.92669,0.306285,1.13747,-0.953335,0.89967,-0.34657,-0.0738129,-0.309349,-0.664894,0.298251,-0.320366,-0.398904
5.93679,0.305515,1.13046,-0.95307,0.90093,-0.339559,-0.0733149,-0.308569,-0.665018,0.296591,-0.318545,-0.399797
5.94684,0.304691,1.1232,-0.952805,0.902248,-0.332509,-0.0727969,-0.307736,-0.665131,0.29487,-0.316656,-0.400741
5.95673,0.303782,1.11561,-0.952093,0.903661,-0.325424,-0.0722496,-0.306817,-0.665229,0.293059,-0.314667,-0.401774
5.96683,0.302816,1.10782,-0.951084,0.905139,-0.318314,-0.0716828,-0.305841,-0.665315,0.291188,-0.312612,-0.402864
5.9769,0.301759,1.09977,-0.949796,0.906727,-0.311198,-0.071087,-0.304769,-0.665388,0.289228,-0.310454,-0.404051
5.98693,0.30064,1.09156,-0.948323,0.90839,-0.304077,-0.0704719,-0.303635,-0.66545,0.287209,-0.308226,-0.405303
5.99691,0.299421,1.08315,-0.946598,0.910177,-0.296979,-0.0698282,-0.302398,-0.665475,0.2851,-0.305897,-0.406665
6.00693,0.298134,1.0746,-0.944705,0.912047,-0.289895,-0.0691655,-0.301092,-0.665475,0.282931,-0.3035,-0.408099
6.01702,0.296738,1.0659,-0.942593,0.914057,-0.282867,-0.0684743,-0.299676,-0.665475,0.28067,-0.301002,-0.409656
6.02695,0.295268,1.05712,-0.940334,0.916159,-0.275876,-0.0677641,-0.298186,-0.665475,0.278349,-0.298436,-0.411295
6.03721,0.293679,1.04826,-0.937892,0.918416,-0.26898,-0.0670251,-0.296577,-0.665475,0.275932,-0.295767,-0.413067
6.04727,0.29201,1.03935,-0.935328,0.920775,-0.262147,-0.066267,-0.294889,-0.665475,0.273453,-0.293029,-0.414929
6.05743,0.290208,1.03048,-0.93262,0.923307,-0.255448,-0.0654794,-0.293066,-0.665475,0.270875,-0.290181,-0.416941
6.06721,0.288318,1.02162,-0.929817,0.925954,-0.248839,-0.0646722,-0.291152,-0.665475,0.268233,-0.28726,-0.419054
6.07719,0.28628,1.0129,-0.926915,0.928791,-0.242411,-0.0638347,-0.289089,-0.665475,0.265485,-0.284222,-0.421333
6.08724,0.284144,1.00426,-0.923947,0.931755,-0.236103,-0.0629771,-0.286925,-0.665435,0.262667,-0.281106,-0.423724
6.09721,0.281845,0.995825,-0.920929,0.934925,-0.23003,-0.0620883,-0.284597,-0.665394,0.259735,-0.277865,-0.426297
6.10722,0.279436,0.987534,-0.917877,0.938232,-0.224115,-0.0611788,-0.282159,-0.665353,0.256726,-0.274541,-0.428991
6.11743,0.276845,0.979561,-0.914822,0.941764,-0.218486,-0.0602366,-0.279537,-0.66528,0.253593,-0.271081,-0.431886
6.12729,0.274132,0.9718,-0.911764,0.945446,-0.213048,-0.0592727,-0.276792,-0.665185,0.250376,-0.267531,-0.434914
6.13739,0.271215,0.96447,-0.908752,0.949367,-0.207953,-0.0582742,-0.273842,-0.665067,0.247023,-0.26383,-0.43816
6.14729,0.268161,0.957427,-0.905772,0.953448,-0.203087,-0.0572526,-0.270755,-0.664933,0.243578,-0.26003,-0.441553
6.15743,0.26488,0.950928,-0.902891,0.957781,-0.198624,-0.0561943,-0.267438,-0.664769,0.239978,-0.256063,-0.445185
6.16743,0.261448,0.944792,-0.900076,0.962282,-0.194431,-0.0551114,-0.263967,-0.664583,0.236274,-0.251984,-0.448976
6.17744,0.257761,0.939314,-0.897409,0.967046,-0.190704,-0.0539894,-0.260237,-0.664352,0.232391,-0.247714,-0.453023
6.18734,0.253904,0.934274,-0.89484,0.971984,-0.187287,-0.0528414,-0.256334,-0.664092,0.228389,-0.243317,-0.457241
6.19745,0.24976,0.929999,-0.892461,0.977193,-0.184396,-0.0516516,-0.252141,-0.663773,0.224182,-0.238702,-0.461734
6.20755,0.245424,0.926236,-0.89021,0.982584,-0.181856,-0.050434,-0.247755,-0.663414,0.219838,-0.233944,-0.46641
6.21754,0.240762,0.923337,-0.888189,0.988249,-0.179901,-0.0491716,-0.243042,-0.662978,0.215257,-0.228938,-0.471379
6.22757,0.235882,0.921017,-0.886322,0.994097,-0.178335,-0.0478793,-0.238113,-0.662491,0.210519,-0.223769,-0.476543
6.23758,0.230635,0.919657,-0.884716,1.00019,-0.177419,-0.0465384,-0.232815,-0.661895,0.205506,-0.218311,-0.48202
6.24764,0.225145,0.918939,-0.883286,1.00645,-0.176935,-0.0451651,-0.22727,-0.661225,0.200308,-0.21266,-0.487705
6.25766,0.21863,0.919372,-0.882016,1.01359,-0.177263,-0.0435949,-0.220691,-0.660318,0.194222,-0.20606,-0.494333
6.2677,0.212461,0.920401,-0.881019,1.02021,-0.178007,-0.0421366,-0.21446,-0.659404,0.188498,-0.19986,-0.500554
6.27771,0.205776,0.922722,-0.880284,1.02706,-0.179719,-0.0406187,-0.20771,-0.658275,0.182365,-0.193241,-0.507141
6.28767,0.198869,0.925596,-0.87966,1.034,-0.181846,-0.0390754,-0.200737,-0.657054,0.176057,-0.186441,-0.513886
6.29784,0.19144,0.929737,-0.879241,1.04109,-0.184983,-0.0374771,-0.19324,-0.655578,0.169321,-0.17921,-0.520965
6.30773,0.183787,0.93442,-0.87891,1.04824,-0.188551,-0.0358552,-0.185519,-0.653994,0.162403,-0.171794,-0.528187
6.31773,0.175625,0.940275,-0.878709,1.05543,-0.193121,-0.0341865,-0.177287,-0.652122,0.155057,-0.163948,-0.535686
6.32785,0.167244,0.946632,-0.878564,1.06264,-0.19812,-0.0324977,-0.168836,-0.650128,0.147529,-0.155919,-0.543304
6.33778,0.158389,0.954015,-0.878456,1.06975,-0.204077,-0.0307733,-0.159906,-0.647821,0.139593,-0.14748,-0.551121
6.34811,0.149331,0.961836,-0.878365,1.07682,-0.210445,-0.0290336,-0.150772,-0.645379,0.131483,-0.138865,-0.559023
6.35801,0.139861,0.970496,-0.878202,1.08367,-0.217701,-0.0272733,-0.141224,-0.642604,0.123009,-0.129891,-0.567034
6.36798,0.130214,0.979516,-0.878008,1.09043,-0.225337,-0.0255041,-0.131499,-0.639688,0.114377,-0.120763,-0.575093
6.378,0.120246,0.989109,-0.877635,1.09685,-0.233736,-0.0237318,-0.121455,-0.636446,0.105448,-0.11135,-0.583149
6.38804,0.110141,0.998948,-0.877185,1.10312,-0.242462,-0.0219581,-0.111274,-0.633064,0.0963902,-0.101815,-0.591204
6.39811,0.0998316,1.00903,-0.876475,1.10892,-0.251748,-0.0201998,-0.100892,-0.629394,0.0871211,-0.0920856,-0.599125
6.4081,0.0894339,1.0192,-0.875655,1.11451,-0.261273,-0.0184481,-0.0904229,-0.625601,0.0777612,-0.0822735,-0.606989
6.41819,0.0789542,1.0293,-0.874567,1.11955,-0.271048,-0.0167266,-0.0798776,-0.621575,0.06828,-0.0723651,-0.614611
6.42819,0.0684393,1.03935,-0.873366,1.12434,-0.280929,-0.015018,-0.0692996,-0.617451,0.0587469,-0.0624153,-0.622128
6.43844,0.0579391,1.04903,-0.871912,1.12852,-0.290798,-0.0133475,-0.0587453,-0.61315,0.0491641,-0.0524457,-0.629324
6.4483,0.0474452,1.05855,-0.870349,1.13243,-0.300661,-0.0116933,-0.0482012,-0.608773,0.0395602,-0.0424675,-0.636382
6.45829,0.0370281,1.06746,-0.868552,1.13568,-0.310332,-0.0100772,-0.0377472,-0.604266,0.0299534,-0.0325179,-0.643076
6.46832,0.026644,1.07611,-0.866654,1.13865,-0.319921,-0.00847738,-0.0273319,-0.599703,0.0203455,-0.0225806,-0.649613
6.47831,0.0163737,1.08404,-0.864561,1.14095,-0.329174,-0.00690992,-0.0170464,-0.595052,0.01076,-0.012698,-0.655765
6.48838,0.00615212,1.09166,-0.862383,1.14297,-0.338284,-0.00535631,-0.00681662,-0.590362,0.00118412,-0.00283877,-0.661751
6.49844,-0.00394328,1.09848,-0.860057,1.14432,-0.346947,-0.00382317,0.00326725,-0.585614,-0.00836572,0.0069622,-0.667353
6.50846,-0.0139846,1.10496,-0.857667,1.14538,-0.355418,-0.00229881,0.0132886,-0.580842,-0.0179044,0.0167382,-0.672789
6.51856,-0.0239147,1.11059,-0.855175,1.14581,-0.363375,-0.000776846,0.0231748,-0.576024,-0.0274366,0.0264768,-0.67786
6.52846,-0.0337972,1.11586,-0.852639,1.14597,-0.37111,0.000744087,0.0330032,-0.571187,-0.036966,0.0361994,-0.682775
6.53846,-0.0436192,1.12028,-0.850029,1.1455,-0.378331,0.0022871,0.042745,-0.566282,-0.0465355,0.0459354,-0.687366
6.54857,-0.0534151,1.12435,-0.847387,1.14475,-0.385331,0.00383956,0.0524497,-0.561348,-0.0561223,0.0556772,-0.69182
6.5586,-0.0632154,1.12765,-0.844657,1.1434,-0.391883,0.00543857,0.0621318,-0.556348,-0.0658012,0.0654907,-0.695978
6.56876,-0.0730174,1.13061,-0.84189,1.14178,-0.398242,0.00705752,0.0718043,-0.551319,-0.0755195,0.0753348,-0.70001
6.5787,-0.0838745,1.1331,-0.838696,1.1394,-0.404842,0.00891564,0.0824887,-0.545754,-0.0863632,0.0863012,-0.704115
6.58869,-0.0937702,1.13509,-0.83574,1.13703,-0.410707,0.0106312,0.0922171,-0.540685,-0.0962734,0.0963176,-0.707734
6.59871,-0.103769,1.13636,-0.832607,1.13416,-0.416232,0.0124396,0.102022,-0.535648,-0.106347,0.106486,-0.711026
6.60879,-0.113794,1.13745,-0.829429,1.13116,-0.421671,0.0142712,0.111845,-0.530619,-0.116462,0.116692,-0.714236
6.61879,-0.123924,1.13784,-0.82606,1.12778,-0.426803,0.0162037,0.121746,-0.525712,-0.126723,0.127036,-0.717119
6.62872,-0.134079,1.13806,-0.822643,1.1243,-0.431859,0.0181614,0.131666,-0.520835,-0.137021,0.137414,-0.71992
6.63918,-0.144315,1.13761,-0.819033,1.12055,-0.436629,0.0202207,0.14164,-0.516198,-0.147419,0.14789,-0.722389
6.64901,-0.154572,1.13699,-0.815375,1.11675,-0.441327,0.0223052,0.151627,-0.511622,-0.157843,0.158391,-0.724776
6.65901,-0.164861,1.1358,-0.811533,1.1129,-0.445742,0.0244829,0.161625,-0.507436,-0.168293,0.168918,-0.726833
6.66907,-0.175158,1.13448,-0.807645,1.10903,-0.450086,0.0266839,0.171625,-0.503349,-0.178748,0.179451,-0.728807
6.67904,-0.185407,1.13265,-0.803616,1.10535,-0.454133,0.0289589,0.181559,-0.499851,-0.189119,0.189903,-0.730457
6.68907,-0.195643,1.13069,-0.799553,1.10173,-0.458106,0.0312523,0.191476,-0.4965,-0.19947,0.200334,-0.732026
6.69906,-0.20572,1.12826,-0.795427,1.09851,-0.461753,0.0335909,0.20122,-0.493937,-0.209602,0.210546,-0.733295
6.70922,-0.215757,1.12571,-0.791287,1.0954,-0.465318,0.0359407,0.210921,-0.491572,-0.21968,0.220703,-0.734489
6.71921,-0.225517,1.12281,-0.787174,1.09289,-0.468531,0.0383025,0.220335,-0.490049,-0.229401,0.230506,-0.735474
6.72907,-0.235208,1.11981,-0.783069,1.09052,-0.471656,0.0406673,0.229677,-0.488738,-0.239034,0.240221,-0.736407
6.73915,-0.244532,1.11657,-0.779077,1.08891,-0.474416,0.0430134,0.238647,-0.488297,-0.248204,0.249474,-0.73722
6.7493,-0.253764,1.11326,-0.775113,1.08748,-0.477086,0.0453547,0.247525,-0.488075,-0.257259,0.258612,-0.738003
6.75919,-0.262574,1.10981,-0.771335,1.08694,-0.479402,0.0476509,0.255978,-0.488749,-0.265785,0.267218,-0.738739
6.76933,-0.271279,1.10632,-0.767603,1.08662,-0.481629,0.0499358,0.264325,-0.489649,-0.27418,0.27569,-0.739464
6.77927,-0.279526,1.10281,-0.764108,1.08723,-0.483529,0.0521536,0.272219,-0.491431,-0.281999,0.283584,-0.740206
6.78934,-0.287659,1.0993,-0.760672,1.08807,-0.485347,0.0543547,0.28,-0.493433,-0.289676,0.291335,-0.740953
6.79932,-0.295323,1.09584,-0.757511,1.08986,-0.48687,0.0564709,0.287317,-0.496268,-0.296758,0.298491,-0.741773
6.80928,-0.30287,1.09239,-0.754419,1.09189,-0.48832,0.0585659,0.294519,-0.499311,-0.303693,0.305498,-0.742612
6.81945,-0.309962,1.08902,-0.751628,1.09488,-0.489512,0.0605633,0.30127,-0.503103,-0.310044,0.311921,-0.743567
6.82938,-0.316939,1.08567,-0.748912,1.09811,-0.49064,0.0625362,0.307907,-0.507082,-0.31625,0.318199,-0.74455
6.83942,-0.323494,1.0825,-0.746502,1.10219,-0.49156,0.0644066,0.314134,-0.511696,-0.321912,0.323927,-0.745675
6.84946,-0.329944,1.07938,-0.744167,1.10649,-0.492428,0.0662513,0.320259,-0.516468,-0.32744,0.329518,-0.746835
6.85956,-0.33602,1.07649,-0.742124,1.11153,-0.493137,0.0679937,0.321096,-0.521793,-0.332475,0.334614,-0.748128
6.86953,-0.342003,1.07367,-0.740154,1.11675,-0.493806,0.0697106,0.320611,-0.527257,-0.337387,0.339585,-0.749455
6.8796,-0.347666,1.07107,-0.738453,1.12264,-0.494358,0.0713286,0.318717,-0.533228,-0.341864,0.344121,-0.750875
6.88958,-0.353808,1.06827,-0.736657,1.12928,-0.494932,0.0730814,0.316245,-0.539936,-0.346669,0.348991,-0.752463
6.89962,-0.359074,1.066,-0.735308,1.136,-0.495355,0.0745672,0.313899,-0.546532,-0.350623,0.352981,-0.75397
6.90961,-0.364304,1.06376,-0.733992,1.14278,-0.495767,0.076041,0.311542,-0.553184,-0.35453,0.356924,-0.755485
6.91962,-0.369252,1.06181,-0.732937,1.15009,-0.496106,0.0774109,0.309161,-0.560258,-0.35803,0.360478,-0.757015
6.92982,-0.374168,1.05989,-0.731912,1.15746,-0.496437,0.0787692,0.306776,-0.567378,-0.361485,0.363989,-0.758547
6.93981,-0.378834,1.05826,-0.731123,1.16518,-0.496719,0.0800279,0.304448,-0.574847,-0.364553,0.367156,-0.760042
6.94982,-0.383471,1.05665,-0.73036,1.17293,-0.496995,0.0812755,0.302127,-0.582355,-0.367579,0.370285,-0.761534
6.95982,-0.387882,1.0553,-0.729809,1.18097,-0.497239,0.0824281,0.299939,-0.590148,-0.370533,0.373099,-0.76294
6.97008,-0.392267,1.05397,-0.729281,1.18904,-0.497479,0.0835701,0.297765,-0.597973,-0.373479,0.375878,-0.764336
6.97993,-0.396442,1.05287,-0.728941,1.1973,-0.4977,0.084622,0.295801,-0.606016,-0.375833,0.378381,-0.765598
6.98996,-0.400595,1.05181,-0.728622,1.20557,-0.497918,0.0856638,0.29386,-0.614083,-0.378121,0.380853,-0.766845
7.00004,-0.404549,1.05099,-0.728464,1.21385,-0.498125,0.0866203,0.292203,-0.622301,-0.378838,0.383082,-0.76791
7.01,-0.408482,1.0502,-0.728324,1.22213,-0.498331,0.0875674,0.290578,-0.630536,-0.37938,0.385285,-0.768954
7.02005,-0.412227,1.0496,-0.72831,1.23036,-0.498528,0.0884333,0.289305,-0.638864,-0.379435,0.387225,-0.769772
7.03005,-0.415951,1.04903,-0.728417,1.23858,-0.498725,0.0892903,0.288071,-0.647203,-0.379435,0.389137,-0.770564
7.04009,-0.419495,1.04862,-0.728523,1.24664,-0.498918,0.0900708,0.287257,-0.65558,-0.379435,0.390895,-0.771088
7.05019,-0.426361,1.04824,-0.728629,1.26245,-0.499111,0.0908428,0.28649,-0.672329,-0.379435,0.392636,-0.771581
7.06019,-0.426361,1.04804,-0.728872,1.26245,-0.499304,0.0915431,0.286206,-0.672329,-0.379435,0.394288,-0.771763
7.07254,-0.432828,1.04785,-0.729465,1.27756,-0.49969,0.09286,0.286283,-0.688996,-0.379435,0.396831,-0.771714
7.08021,-0.432828,1.04785,-0.729465,1.27756,-0.49969,0.09286,0.286283,-0.688996,-0.379435,0.396831,-0.771714
7.09023,-0.438895,1.04795,-0.730216,1.29183,-0.500071,0.0940298,0.287592,-0.705478,-0.379435,0.397732,-0.770873
7.10022,-0.438895,1.04795,-0.730216,1.29183,-0.500071,0.0940298,0.287592,-0.705478,-0.379435,0.397732,-0.770873
7.11021,-0.441818,1.048,-0.730629,1.29871,-0.500261,0.0945754,0.2886,-0.713653,-0.379435,0.397732,-0.770225
7.12036,-0.444557,1.04819,-0.731085,1.30508,-0.500452,0.0950602,0.290225,-0.721677,-0.379435,0.397732,-0.769181
7.13242,-0.449805,1.04868,-0.732036,1.31718,-0.50083,0.0959591,0.294264,-0.737502,-0.379435,0.397732,-0.766586
7.14028,-0.449805,1.04868,-0.732036,1.31718,-0.50083,0.0959591,0.294264,-0.737502,-0.379435,0.397732,-0.766586
7.15229,-0.452312,1.04897,-0.732528,1.3229,-0.501017,0.0963736,0.294264,-0.745296,-0.379435,0.397732,-0.765032
7.16057,-0.454622,1.04931,-0.733033,1.32803,-0.501199,0.0967336,0.299779,-0.752864,-0.379435,0.397732,-0.763042
7.17216,-0.456911,1.04966,-0.733539,1.33309,-0.501382,0.0970876,0.299779,-0.760406,-0.379435,0.397732,-0.761004
7.18045,-0.459001,1.05008,-0.734046,1.33746,-0.501563,0.0973891,0.306818,-0.76769,-0.379435,0.397732,-0.75852
7.1922,-0.461068,1.05051,-0.734552,1.34175,-0.501745,0.0976847,0.310762,-0.774945,-0.379435,0.397732,-0.755986
7.20048,-0.462927,1.05095,-0.735046,1.34536,-0.50192,0.0979305,0.315415,-0.781912,-0.379435,0.397732,-0.752996
7.21186,-0.464763,1.05139,-0.735538,1.34891,-0.502095,0.0981706,0.320147,-0.788848,-0.379435,0.397732,-0.749956
7.22059,-0.466384,1.05182,-0.736007,1.35175,-0.502264,0.0983627,0.325595,-0.795467,-0.379435,0.397732,-0.746456
7.23218,-0.46798,1.05226,-0.736473,1.35452,-0.502433,0.0985493,0.331121,-0.802052,-0.379435,0.397732,-0.742905
7.2406,-0.469357,1.05272,-0.736905,1.35652,-0.502603,0.0986888,0.337358,-0.808295,-0.379435,0.397732,-0.738898
7.25222,-0.470844,1.05323,-0.737376,1.35863,-0.502791,0.0988364,0.344304,-0.815122,-0.379435,0.397732,-0.734435
7.26064,-0.471947,1.0537,-0.737757,1.35969,-0.502959,0.0989193,0.351401,-0.820927,-0.379435,0.397732,-0.729875
7.27232,-0.473051,1.05417,-0.738138,1.36075,-0.503127,0.0990023,0.358498,-0.826733,-0.379435,0.397732,-0.725316
7.28083,-0.4739,1.05463,-0.738464,1.36098,-0.503294,0.0990023,0.366362,-0.832116,-0.379435,0.397732,-0.720263
7.29251,-0.47475,1.0551,-0.73879,1.3612,-0.50346,0.0990023,0.374226,-0.8375,-0.379435,0.397732,-0.71521
7.30074,-0.475339,1.05557,-0.739057,1.36058,-0.503631,0.0990023,0.382835,-0.842441,-0.379435,0.397732,-0.709679
7.31235,-0.475929,1.05604,-0.739323,1.35995,-0.503802,0.0989682,0.388676,-0.847383,-0.379435,0.397732,-0.704149
7.32093,-0.476253,1.05649,-0.739522,1.35849,-0.503983,0.0989342,0.388676,-0.851878,-0.379435,0.397732,-0.698157
7.33236,-0.476578,1.05694,-0.739721,1.35703,-0.504165,0.0989001,0.388676,-0.856373,-0.379435,0.397732,-0.692166
7.34096,-0.476639,1.05737,-0.739845,1.35471,-0.504362,0.0987821,0.388676,-0.860411,-0.379435,0.397732,-0.685733
7.35246,-0.4767,1.0578,-0.73997,1.3524,-0.50456,0.098664,0.388676,-0.86445,-0.379435,0.397732,-0.6793
7.36105,-0.4765,1.05823,-0.73997,1.34923,-0.504779,0.0984948,0.388676,-0.86802,-0.379435,0.397732,-0.672449
7.37261,-0.4763,1.05867,-0.73997,1.34607,-0.504999,0.0983257,0.388676,-0.871589,-0.379435,0.397732,-0.665597
7.38099,-0.475832,1.0591,-0.73997,1.34211,-0.505249,0.0981035,0.388676,-0.874695,-0.379435,0.397732,-0.658357
7.39244,-0.475363,1.05953,-0.739903,1.33816,-0.505499,0.0978812,0.388676,-0.877801,-0.379435,0.397732,-0.651118
7.40108,-0.474627,1.05996,-0.739837,1.33348,-0.50579,0.0976041,0.388676,-0.88045,-0.379435,0.397732,-0.643519
7.41235,-0.47389,1.0604,-0.73977,1.3288,-0.50608,0.097327,0.388676,-0.8831,-0.379435,0.397732,-0.63592
7.42115,-0.472893,1.06086,-0.739574,1.32344,-0.506421,0.0969934,0.388676,-0.885302,-0.379435,0.397732,-0.627988
7.4324,-0.471896,1.06133,-0.739379,1.31807,-0.506762,0.0966597,0.388676,-0.887504,-0.379435,0.397732,-0.620055
7.44114,-0.470633,1.0618,-0.739099,1.31203,-0.507168,0.0962667,0.388676,-0.889274,-0.379435,0.397732,-0.611833
7.4524,-0.46937,1.06227,-0.738819,1.306,-0.507575,0.0958737,0.388676,-0.891044,-0.379435,0.397732,-0.603611
7.46122,-0.46784,1.06278,-0.738455,1.29935,-0.508062,0.0954179,0.388676,-0.892402,-0.379435,0.397732,-0.59514
7.47246,-0.46631,1.0633,-0.73809,1.2927,-0.50855,0.094962,0.388676,-0.89376,-0.379435,0.397732,-0.58667
7.48126,-0.464517,1.06395,-0.737641,1.28554,-0.509133,0.0944394,0.388676,-0.89473,-0.379435,0.397732,-0.57799
7.49245,-0.462724,1.06459,-0.737192,1.27839,-0.509716,0.0939169,0.388676,-0.8957,-0.379435,0.397449,-0.569311
7.5014,-0.460662,1.06531,-0.736659,1.2708,-0.51041,0.0933239,0.388676,-0.896316,-0.379435,0.397165,-0.560464
7.51246,-0.4586,1.06602,-0.736126,1.26321,-0.511103,0.0927309,0.388676,-0.896932,-0.379435,0.396882,-0.551617
7.52133,-0.456265,1.06681,-0.735508,1.25525,-0.511927,0.0920629,0.388676,-0.897231,-0.379435,0.395436,-0.542653
7.53434,-0.45393,1.0676,-0.73489,1.2473,-0.51275,0.091395,0.388676,-0.89753,-0.379389,0.39399,-0.53369
7.54212,-0.451318,1.06856,-0.734185,1.23908,-0.513727,0.0906471,0.388676,-0.89753,-0.379343,0.392344,-0.524667
7.5523,-0.448416,1.06963,-0.733401,1.23001,-0.51482,0.0898158,0.388676,-0.897389,-0.379304,0.390515,-0.514741
7.56221,-0.445517,1.07075,-0.732609,1.22164,-0.515971,0.0889828,0.388676,-0.897262,-0.379373,0.388682,-0.505713
7.57237,-0.442587,1.0719,-0.731808,1.21327,-0.517141,0.0881407,0.388676,-0.897107,-0.379435,0.386824,-0.496689
7.58224,-0.439389,1.07322,-0.730925,1.20486,-0.518488,0.0872166,0.388676,-0.896714,-0.378445,0.384727,-0.48771
7.59224,-0.436159,1.07455,-0.730032,1.19647,-0.519857,0.0862828,0.388676,-0.896308,-0.377455,0.382604,-0.478743
7.60224,-0.432646,1.0761,-0.729051,1.18812,-0.521426,0.0852614,0.388676,-0.895785,-0.376465,0.380239,-0.469878
7.6123,-0.4291,1.07767,-0.72806,1.1798,-0.52302,0.0842296,0.388676,-0.895255,-0.375301,0.377846,-0.46103
7.62229,-0.425245,1.07943,-0.726974,1.17165,-0.524837,0.0831052,0.388676,-0.894659,-0.372562,0.375186,-0.452346
7.63236,-0.421354,1.08121,-0.725876,1.16354,-0.526681,0.0819698,0.388676,-0.894062,-0.369805,0.372492,-0.443688
7.64235,-0.417131,1.0832,-0.724673,1.15573,-0.52877,0.0807362,0.388676,-0.89345,-0.366887,0.369496,-0.435258
7.65239,-0.412868,1.08523,-0.723457,1.14797,-0.530889,0.079491,0.388676,-0.892843,-0.363928,0.366462,-0.426859
7.66238,-0.40825,1.08753,-0.722124,1.14062,-0.533274,0.0781413,0.388676,-0.892275,-0.360604,0.363087,-0.418752
7.67258,-0.403587,1.08985,-0.720775,1.13334,-0.535693,0.0767794,0.388676,-0.891716,-0.357236,0.359669,-0.410686
7.68244,-0.398528,1.09242,-0.719291,1.12659,-0.538408,0.0753077,0.385371,-0.891243,-0.353478,0.355867,-0.40298
7.69249,-0.39342,1.09501,-0.717788,1.11992,-0.541158,0.0738233,0.381873,-0.890785,-0.349674,0.352018,-0.395321
7.70256,-0.387873,1.09785,-0.716126,1.11391,-0.544228,0.0722242,0.37664,-0.890456,-0.345456,0.34774,-0.388094
7.71253,-0.382271,1.10071,-0.714443,1.10799,-0.547334,0.0706118,0.371354,-0.890146,-0.341185,0.343409,-0.380923
7.72253,-0.376182,1.10384,-0.712572,1.10285,-0.550775,0.0688796,0.365594,-0.890005,-0.33643,0.338595,-0.374255
7.73273,-0.370032,1.107,-0.710675,1.09781,-0.554257,0.0671335,0.359774,-0.889886,-0.331615,0.33372,-0.367652
7.74256,-0.362655,1.11075,-0.708332,1.09321,-0.558481,0.0650757,0.352779,-0.889973,-0.325718,0.327752,-0.361033
7.75265,-0.35581,1.11419,-0.70614,1.08925,-0.562404,0.0631768,0.346286,-0.890092,-0.320223,0.322191,-0.355175
7.76264,-0.348416,1.11781,-0.703696,1.08617,-0.566657,0.0611659,0.339255,-0.890369,-0.314188,0.316085,-0.349956
7.77274,-0.340874,1.12144,-0.701178,1.08333,-0.570991,0.0591279,0.332078,-0.890669,-0.308007,0.309833,-0.344933
7.78266,-0.332742,1.12516,-0.698366,1.08149,-0.575646,0.0569817,0.324316,-0.891066,-0.301239,0.302996,-0.340695
7.79273,-0.324459,1.12889,-0.695471,1.0799,-0.580372,0.0548118,0.316407,-0.89147,-0.294323,0.29601,-0.336677
7.80271,-0.315576,1.13266,-0.692248,1.07927,-0.585384,0.0525468,0.307907,-0.891906,-0.286815,0.288426,-0.33354
7.81279,-0.306548,1.13642,-0.688936,1.07886,-0.590455,0.0502628,0.299263,-0.892329,-0.279163,0.280697,-0.330639
7.82278,-0.296938,1.14013,-0.685272,1.07938,-0.595757,0.0479024,0.290045,-0.892702,-0.270934,0.272382,-0.328684
7.83284,-0.287195,1.1438,-0.681516,1.08012,-0.601102,0.0455288,0.280692,-0.893037,-0.262569,0.263931,-0.326976
7.84283,-0.27692,1.14728,-0.677397,1.08174,-0.606612,0.0431024,0.270801,-0.893222,-0.253661,0.254936,-0.326256
7.85292,-0.266529,1.15069,-0.673187,1.08356,-0.612142,0.0406698,0.260795,-0.893342,-0.244635,0.245823,-0.325787
7.86284,-0.255681,1.15383,-0.668614,1.08613,-0.617753,0.0382128,0.250327,-0.893205,-0.235135,0.236241,-0.32632
7.87295,-0.244748,1.15689,-0.663958,1.08885,-0.623357,0.0357581,0.239771,-0.892978,-0.225543,0.226566,-0.327097
7.88295,-0.233471,1.15956,-0.65897,1.09216,-0.628936,0.0333131,0.228865,-0.89239,-0.21558,0.216524,-0.328848
7.893,-0.222148,1.16211,-0.653917,1.09555,-0.634479,0.0308799,0.217906,-0.891694,-0.205558,0.206421,-0.330819
7.90298,-0.210633,1.16415,-0.648598,1.09927,-0.639876,0.0284936,0.206736,-0.890564,-0.195296,0.196072,-0.333667
7.91309,-0.199109,1.16605,-0.643241,1.10302,-0.645207,0.0261268,0.195551,-0.889328,-0.185006,0.185696,-0.336674
7.923,-0.18755,1.16739,-0.637725,1.10685,-0.650272,0.0238378,0.184305,-0.887674,-0.174604,0.175207,-0.340315
7.93316,-0.176013,1.16859,-0.632194,1.11064,-0.655247,0.0215733,0.173073,-0.885923,-0.164201,0.164716,-0.344058
7.9431,-0.164561,1.16921,-0.626603,1.11428,-0.65986,0.0194065,0.161899,-0.883788,-0.153789,0.154213,-0.348209
7.95313,-0.153151,1.16967,-0.621015,1.11785,-0.664365,0.0172659,0.150758,-0.881566,-0.143392,0.143721,-0.352419
7.96308,-0.141904,1.1695,-0.615443,1.12109,-0.668443,0.0152302,0.139749,-0.878996,-0.133054,0.133277,-0.356866
7.97317,-0.130709,1.16917,-0.609891,1.12421,-0.6724,0.0132198,0.128783,-0.876351,-0.122739,0.122853,-0.361334
7.98318,-0.119723,1.16821,-0.604422,1.12686,-0.675879,0.0113106,0.117989,-0.873405,-0.112519,0.11251,-0.365881
7.99324,-0.108793,1.16708,-0.598989,1.12935,-0.679228,0.00942379,0.107241,-0.870397,-0.102323,0.102188,-0.370415
8.00326,-0.0980852,1.16532,-0.593701,1.13127,-0.682057,0.00762674,0.0966772,-0.867143,-0.0922281,0.0919491,-0.37489
8.01336,-0.0874271,1.16338,-0.58846,1.13302,-0.684747,0.00584718,0.0861539,-0.863841,-0.0821519,0.0817228,-0.379322
8.02367,-0.0769677,1.16079,-0.583408,1.13414,-0.686884,0.0041376,0.0757932,-0.860343,-0.0721514,0.0715467,-0.38358
8.03341,-0.0665398,1.15803,-0.578403,1.13508,-0.688878,0.00243732,0.0654555,-0.856804,-0.0621539,0.0613659,-0.387776
8.04346,-0.0562377,1.15461,-0.573581,1.13531,-0.690307,0.000774263,0.0552097,-0.853099,-0.0521688,0.0511665,-0.391722
8.05359,-0.0459446,1.15103,-0.568807,1.13536,-0.691588,-0.000888326,0.0449654,-0.849349,-0.0421694,0.040944,-0.395599
8.06346,-0.035687,1.14679,-0.564225,1.13466,-0.692278,-0.00254903,0.0347269,-0.845416,-0.0321125,0.030629,-0.399205
8.07351,-0.0254174,1.14239,-0.559702,1.13378,-0.692811,-0.00421726,0.0244702,-0.841426,-0.0220271,0.0202759,-0.402748
8.08349,-0.0150992,1.13735,-0.555411,1.13217,-0.692715,-0.00591553,0.0141413,-0.837204,-0.0118274,0.00977061,-0.406038
8.09359,-0.00475952,1.13215,-0.551193,1.13038,-0.692455,-0.00762645,0.00378613,-0.83292,-0.00159509,-0.000777153,-0.409263
8.10355,0.00566591,1.12637,-0.547266,1.12788,-0.691538,-0.00938794,-0.00667368,-0.828381,0.00876758,-0.0114947,-0.412231
8.12374,0.0277042,1.11346,-0.539624,1.12147,-0.68852,-0.013189,-0.0288082,-0.818425,0.0307163,-0.0342532,-0.418021
8.13368,0.0382646,1.10698,-0.53634,1.11783,-0.686511,-0.0150542,-0.0394255,-0.813465,0.0412497,-0.0452056,-0.42054
8.1437,0.0488798,1.10023,-0.533472,1.11359,-0.683915,-0.0169782,-0.0501071,-0.808283,0.0518453,-0.0562542,-0.422805
8.15372,0.0594965,1.09343,-0.53083,1.10912,-0.681076,-0.0189256,-0.0607922,-0.803013,0.0624394,-0.0673146,-0.424955
8.16376,0.0701166,1.0865,-0.528714,1.10412,-0.677672,-0.0209277,-0.0714855,-0.797542,0.0730297,-0.0784023,-0.426834
8.17377,0.0807013,1.07961,-0.526881,1.0989,-0.674044,-0.0229472,-0.0821447,-0.792006,0.0835774,-0.0894586,-0.428591
8.18378,0.0912035,1.07278,-0.52571,1.09319,-0.669895,-0.0250077,-0.0927243,-0.78632,0.094026,-0.100442,-0.430061
8.19396,0.101621,1.06609,-0.52489,1.0873,-0.665555,-0.0270762,-0.103221,-0.780605,0.104382,-0.11134,-0.431404
8.2038,0.111842,1.05972,-0.525473,1.08098,-0.660773,-0.0291635,-0.113523,-0.774822,0.11452,-0.122041,-0.432449
8.21395,0.121927,1.05356,-0.526056,1.07453,-0.655865,-0.0312478,-0.12369,-0.769049,0.124517,-0.132604,-0.433368
8.22386,0.131699,1.04792,-0.52664,1.06782,-0.650665,-0.0333249,-0.133542,-0.7633,0.134181,-0.142848,-0.433996
8.23401,0.141296,1.04257,-0.527729,1.06105,-0.645402,-0.0353891,-0.143217,-0.757598,0.143667,-0.152916,-0.434505
8.24399,0.150487,1.03788,-0.53,1.05414,-0.639995,-0.0374231,-0.152484,-0.752005,0.152733,-0.162571,-0.434737
8.25402,0.159477,1.03354,-0.532612,1.04721,-0.634579,-0.0394365,-0.161549,-0.746491,0.161597,-0.172025,-0.434862
8.26406,0.167999,1.02999,-0.53602,1.04023,-0.629143,-0.0414015,-0.170145,-0.741162,0.169989,-0.181009,-0.434735
8.27415,0.176305,1.02683,-0.539751,1.03327,-0.623746,-0.0433396,-0.178523,-0.735935,0.178165,-0.189774,-0.434515
8.28399,0.184103,1.02454,-0.544235,1.02636,-0.618439,-0.0452146,-0.186395,-0.730948,0.185839,-0.198028,-0.434078
8.29412,0.191678,1.02265,-0.549014,1.0195,-0.613212,-0.0470581,-0.194041,-0.72608,0.193295,-0.206059,-0.433565
8.30409,0.198732,1.02168,-0.554482,1.0128,-0.60817,-0.048828,-0.201164,-0.721492,0.200239,-0.213565,-0.432874
8.31412,0.205567,1.02111,-0.560209,1.00619,-0.603238,-0.0505637,-0.208065,-0.717035,0.206969,-0.220853,-0.432125
8.32504,0.21189,1.02146,-0.566539,0.999827,-0.598562,-0.0522197,-0.21445,-0.712884,0.213198,-0.227632,-0.43124
8.3345,0.218008,1.02219,-0.573082,0.993581,-0.594015,-0.0538414,-0.220628,-0.708866,0.219232,-0.234207,-0.430316
8.34417,0.223648,1.02376,-0.580118,0.987612,-0.589768,-0.0553832,-0.226324,-0.705157,0.224809,-0.240307,-0.4293
8.35426,0.229102,1.02566,-0.587334,0.981772,-0.585648,-0.0568919,-0.231833,-0.701577,0.230212,-0.246225,-0.428261
8.3642,0.234124,1.02833,-0.594967,0.97623,-0.581826,-0.0583237,-0.236907,-0.698296,0.235211,-0.251716,-0.427166
8.37427,0.238984,1.03129,-0.60276,0.970824,-0.578115,-0.0597244,-0.241819,-0.695137,0.240057,-0.257048,-0.426061
8.38432,0.243463,1.03494,-0.610927,0.965735,-0.574666,-0.0610528,-0.246349,-0.692261,0.244549,-0.262009,-0.424929
8.39442,0.247798,1.03884,-0.619229,0.960785,-0.571313,-0.0623518,-0.250734,-0.689499,0.248905,-0.266828,-0.423797
8.40445,0.251796,1.04336,-0.627847,0.956157,-0.568187,-0.0635823,-0.254779,-0.687003,0.252945,-0.271312,-0.422664
8.41448,0.255665,1.0481,-0.636573,0.951667,-0.56514,-0.0647849,-0.258694,-0.684612,0.256865,-0.275667,-0.421539
8.4245,0.259233,1.05333,-0.645553,0.947498,-0.562281,-0.0659226,-0.262303,-0.68247,0.260503,-0.279722,-0.420434
8.43451,0.262684,1.05873,-0.654617,0.943464,-0.559484,-0.0670339,-0.265795,-0.680426,0.264034,-0.283661,-0.419344
8.44452,0.265865,1.06448,-0.663875,0.939745,-0.556832,-0.0680836,-0.269014,-0.678613,0.267316,-0.287333,-0.418288
8.45458,0.268943,1.07037,-0.673191,0.936156,-0.554223,-0.0691083,-0.272128,-0.67689,0.270502,-0.290901,-0.417252
8.4646,0.271781,1.07655,-0.682646,0.93287,-0.551717,-0.0700746,-0.275001,-0.675378,0.273461,-0.294223,-0.416259
8.47474,0.274781,1.08346,-0.693094,0.92942,-0.548995,-0.0711056,-0.278038,-0.673824,0.276598,-0.297749,-0.415195
8.4846,0.277311,1.08992,-0.702666,0.926545,-0.546573,-0.0719921,-0.280602,-0.672584,0.279262,-0.30075,-0.414273
8.49466,0.27973,1.09642,-0.712255,0.923825,-0.54416,-0.0728479,-0.283052,-0.671442,0.281816,-0.303631,-0.413383
8.50468,0.28198,1.10298,-0.721867,0.921337,-0.541759,-0.0736578,-0.285333,-0.670446,0.284206,-0.306334,-0.412539
8.51473,0.284131,1.10955,-0.731465,0.918993,-0.539346,-0.0744382,-0.287513,-0.669538,0.286496,-0.308927,-0.411728
8.52475,0.286132,1.11612,-0.741044,0.916867,-0.536912,-0.0751745,-0.289542,-0.66876,0.288637,-0.311355,-0.410966
8.53478,0.288044,1.12266,-0.750581,0.914875,-0.534445,-0.0758824,-0.291479,-0.668061,0.290686,-0.313679,-0.410237
8.54485,0.289823,1.12912,-0.760055,0.913084,-0.531929,-0.0765478,-0.29328,-0.667479,0.292595,-0.315848,-0.409558
8.55483,0.29152,1.13548,-0.769462,0.911416,-0.529363,-0.0771855,-0.294996,-0.666967,0.294413,-0.317918,-0.40891
8.56485,0.293094,1.14166,-0.778766,0.909932,-0.52672,-0.0777817,-0.296587,-0.666559,0.296097,-0.319839,-0.40831
8.57509,0.294593,1.14771,-0.78798,0.90856,-0.52401,-0.078351,-0.298104,-0.66621,0.297696,-0.321663,-0.407742
8.58495,0.295979,1.15353,-0.797058,0.907353,-0.521198,-0.0788799,-0.299508,-0.665949,0.299167,-0.323343,-0.407222
8.59499,0.297296,1.15918,-0.806021,0.906248,-0.518305,-0.0793824,-0.300844,-0.665738,0.300555,-0.32493,-0.406734
8.60497,0.298511,1.16457,-0.814814,0.905293,-0.51529,-0.0798453,-0.302079,-0.665602,0.301821,-0.32638,-0.406294
8.61508,0.299665,1.16975,-0.823469,0.904429,-0.51218,-0.0802821,-0.303251,-0.66552,0.303005,-0.327743,-0.405884
8.62504,0.300728,1.17463,-0.831918,0.903701,-0.50893,-0.0806797,-0.304328,-0.665536,0.304067,-0.328974,-0.40552
8.64835,0.303516,1.18759,-0.856162,0.90207,-0.498456,-0.0816948,-0.307155,-0.665631,0.306713,-0.332052,-0.404619
8.65537,0.303516,1.18759,-0.856162,0.90207,-0.498456,-0.0816948,-0.307155,-0.665631,0.306713,-0.332052,-0.404619
8.6653,0.3043,1.19122,-0.863792,0.90172,-0.494677,-0.0819662,-0.307952,-0.665762,0.307392,-0.332844,-0.404388
8.67562,0.305035,1.19456,-0.871231,0.901432,-0.490784,-0.0822126,-0.308699,-0.665914,0.307996,-0.333554,-0.404184
8.68546,0.305697,1.19745,-0.878383,0.901236,-0.486717,-0.0824217,-0.309373,-0.6661,0.308486,-0.33414,-0.404017
8.69523,0.306313,1.20003,-0.885333,0.901097,-0.482533,-0.0826062,-0.309998,-0.666302,0.308902,-0.334641,-0.403877
8.70558,0.30686,1.20214,-0.891978,0.901042,-0.47817,-0.0827537,-0.310551,-0.66653,0.309206,-0.335018,-0.403775
8.71535,0.307363,1.20392,-0.898408,0.901037,-0.473688,-0.082877,-0.311058,-0.666769,0.309437,-0.335311,-0.403714
8.72534,0.307799,1.20522,-0.904515,0.901108,-0.469027,-0.0829639,-0.311497,-0.667026,0.309557,-0.335479,-0.403714
8.73534,0.308192,1.2062,-0.910396,0.90122,-0.464247,-0.083016,-0.311894,-0.667289,0.309605,-0.33558,-0.403714
8.74534,0.308521,1.20671,-0.915936,0.901396,-0.459288,-0.083016,-0.31223,-0.667561,0.309543,-0.335432,-0.403737
8.75548,0.308809,1.20688,-0.92124,0.90161,-0.45421,-0.083016,-0.312524,-0.667834,0.30941,-0.335284,-0.40376
8.76541,0.309036,1.20654,-0.92619,0.901882,-0.448953,-0.0829643,-0.312758,-0.66811,0.30917,-0.335136,-0.403783
8.77549,0.309224,1.20585,-0.930899,0.90219,-0.443579,-0.0829127,-0.31295,-0.668384,0.308861,-0.334876,-0.403849
8.78544,0.309353,1.20463,-0.935243,0.902553,-0.43803,-0.082861,-0.313081,-0.668657,0.308448,-0.334447,-0.403981
8.79555,0.30943,1.20307,-0.93934,0.902949,-0.43237,-0.0827719,-0.31316,-0.668926,0.307968,-0.333943,-0.404136
8.80551,0.309414,1.20098,-0.943066,0.903396,-0.426543,-0.0826268,-0.313141,-0.669189,0.307386,-0.333326,-0.404327
8.81554,0.309398,1.19855,-0.946542,0.903874,-0.42061,-0.0824595,-0.313122,-0.669447,0.306738,-0.332635,-0.404544
