0,0,0,0,0,0,0,0,0,0,0,0,0,0,0,0,0,0,0,0,0,0,0,0,0,0,0,0,0,0,0,0,0,0,0,0,0,0,0,0,0,0,0,0,0,0,0,0,0,0,0,0,0,0,0,0,0,0,0,0,0,0,0,0,0,0,0,0,0,0,0,0,0,0,0,0,0,0,0,0,0,0,0,0,0,0,0,0,0,0,0,0,0,0,0,0,0,0,0,0,0,0,0,0,0,0,0,0,0,0,0,0,0,0,0,0,0,0,0,0,0,0,0,0,0,0,0,0,0,0,0,0,0,0,0,0,0,0,0,0,0,0,0,0,0,0,0,0,0,0,0,0,0,0,0,0,0,0,0,0,0,0,0,0,0,0,0,0,0,0,0,0,0,0,0,0,0,0,0,0,0,0,0,0,0,0,0,0,0,0,0,0,0,0,0,0,0,0,0,0,0,0,0,0,0,0,0,0,0,0,0,0,0,0,0,0,0,0,0,0,0,0,0,0,0,0,0,0,0,0,0,0,0,0,0,0,0,0,0,0,0,0,0,0,0,0,0,0,0,0,0
-8.6736e-19,0.012877,0.027819,0.045933,0.06744,0.0917,0.11721,0.14229,0.16578,0.18699,0.20562,0.22181,0.23587,0.24805,0.2586,0.26771,0.27556,0.28229,0.28804,0.29292,0.29701,0.30038,0.3031,0.30522,0.30677,0.30777,0.30823,0.30815,0.30754,0.30635,0.30455,0.30209,0.29891,0.2949,0.28997,0.28395,0.27669,0.26797,0.25752,0.24501,0.23007,0.21221,0.19106,0.16659,0.13909,0.10923,0.078053,0.046655,0.01572,-0.014457,-0.04397,-0.073322,-0.10308,-0.13345,-0.16427,-0.19504,-0.2249,-0.25294,-0.2786,-0.30165,-0.32213,-0.34036,-0.35676,-0.37166,-0.38529,-0.39781,-0.40933,-0.41992,-0.42961,-0.43839,-0.44625,-0.45313,-0.45901,-0.46384,-0.46756,-0.47015,-0.47158,-0.47183,-0.4709,-0.46878,-0.46547,-0.46098,-0.45531,-0.44843,-0.44031,-0.43089,-0.42004,-0.40763,-0.39343,-0.37716,-0.35845,-0.33683,-0.31193,-0.28373,-0.25258,-0.21921,-0.18478,-0.15052,-0.11717,-0.085026,-0.053969,-0.023369,0.007466,0.038791,0.070441,0.10184,0.13199,0.15982,0.18467,0.20624,0.22456,0.23998,0.25296,0.2639,0.27311,0.28087,0.28738,0.29283,0.29736,0.3011,0.30413,0.30653,0.30836,0.30967,0.31049,0.31083,0.3107,0.3101,0.309,0.30739,0.30522,0.30243,0.29895,0.29468,0.28951,0.28329,0.27584,0.26694,0.25633,0.24369,0.2286,0.21061,0.18933,0.16473,0.1371,0.10711,0.075808,0.044297,0.013262,-0.016997,-0.046569,-0.075958,-0.10574,-0.13611,-0.16692,-0.19769,-0.22756,-0.25561,-0.2813,-0.30438,-0.32491,-0.3432,-0.35968,-0.37466,-0.38838,-0.40101,-0.41265,-0.42337,-0.43319,-0.44211,-0.45011,-0.45714,-0.46317,-0.46814,-0.47201,-0.47475,-0.47632,-0.4767,-0.4759,-0.47389,-0.4707,-0.46631,-0.46073,-0.45393,-0.44588,-0.43651,-0.42572,-0.41333,-0.39915,-0.38288,-0.36416,-0.3425,-0.31754,-0.28925,-0.25798,-0.22445,-0.18985,-0.1554,-0.12185,-0.089519,-0.058272,-0.027481,0.003551,0.03508,0.066941,0.098555,0.1289,0.15692,0.18195,0.20367,0.22212,0.23764,0.25071,0.26173,0.27101,0.27883,0.28539,0.29089,0.29547,0.29924,0.30232,0.30477,0.30667,0.30806,0.30897,0.30943,0.30946,0.30905,0.3082,0.30688,0.30507,0.30272,0.29977,0.29614,0.29174,0.28644,0.2801,0.27254,0.26353,0.2528,0.24003,0.22481,0.20686,0.18625,0.1634,0.13909,0.11453,0.090875,0.068736,0.048164,0.028663
-0.6748,-0.67618,-0.67738,-0.67824,-0.67859,-0.67835,-0.67753,-0.67624,-0.67466,-0.673,-0.67143,-0.67009,-0.66902,-0.66826,-0.66781,-0.66764,-0.66773,-0.66803,-0.66848,-0.66905,-0.66967,-0.6703,-0.67088,-0.67138,-0.67177,-0.67202,-0.6721,-0.67203,-0.67178,-0.67139,-0.67085,-0.6702,-0.66945,-0.66864,-0.66778,-0.66689,-0.66597,-0.66498,-0.66385,-0.66244,-0.66053,-0.6578,-0.65383,-0.64825,-0.64079,-0.63134,-0.62013,-0.60765,-0.59433,-0.58052,-0.56635,-0.5517,-0.53686,-0.52243,-0.50935,-0.49901,-0.49295,-0.49169,-0.49541,-0.50393,-0.51663,-0.53264,-0.55148,-0.5726,-0.59547,-0.61957,-0.64443,-0.66959,-0.69467,-0.71929,-0.74313,-0.7659,-0.78734,-0.80724,-0.8254,-0.84167,-0.85594,-0.86812,-0.87818,-0.88612,-0.89202,-0.89599,-0.8982,-0.89886,-0.89827,-0.89673,-0.8946,-0.89228,-0.89014,-0.88856,-0.88785,-0.88812,-0.88898,-0.88986,-0.88998,-0.88843,-0.88457,-0.8785,-0.8705,-0.86094,-0.85025,-0.83855,-0.82553,-0.81103,-0.79506,-0.77794,-0.76037,-0.74324,-0.72726,-0.71298,-0.70065,-0.6903,-0.68179,-0.67495,-0.6696,-0.66555,-0.66263,-0.66065,-0.65945,-0.65888,-0.65881,-0.6591,-0.65965,-0.66037,-0.66118,-0.66201,-0.6628,-0.66353,-0.66416,-0.66467,-0.66507,-0.66535,-0.66552,-0.66559,-0.66558,-0.66547,-0.66525,-0.66488,-0.66427,-0.66327,-0.66168,-0.65913,-0.6552,-0.64953,-0.64185,-0.63205,-0.62041,-0.60746,-0.59367,-0.57941,-0.56483,-0.54981,-0.53462,-0.51986,-0.50647,-0.49583,-0.48952,-0.48803,-0.49156,-0.49992,-0.51247,-0.52835,-0.54707,-0.56809,-0.59086,-0.61489,-0.63968,-0.6648,-0.68985,-0.71447,-0.73834,-0.76116,-0.78269,-0.80271,-0.82103,-0.8375,-0.85199,-0.86445,-0.87481,-0.8831,-0.88938,-0.89376,-0.8964,-0.89753,-0.89741,-0.89636,-0.89473,-0.8929,-0.89126,-0.89016,-0.8899,-0.89059,-0.89182,-0.893,-0.89333,-0.89192,-0.88813,-0.88208,-0.87408,-0.86454,-0.85389,-0.84227,-0.82937,-0.81502,-0.79925,-0.78234,-0.765,-0.74809,-0.73235,-0.71828,-0.70616,-0.696,-0.68766,-0.68097,-0.67576,-0.67184,-0.66902,-0.66713,-0.66602,-0.66552,-0.6655,-0.66584,-0.66643,-0.66718,-0.668,-0.66882,-0.6696,-0.67029,-0.67087,-0.67132,-0.67162,-0.6718,-0.67184,-0.67177,-0.6716,-0.67134,-0.67098,-0.67051,-0.66987,-0.66897,-0.66766,-0.66567,-0.6627,-0.65851,-0.65296,-0.64608,-0.63823,-0.62993,-0.62156,-0.61334,-0.60538
1.1504,1.1453,1.1388,1.1299,1.1182,1.1034,1.0863,1.0677,1.0487,1.0299,1.0121,0.99562,0.9806,0.96713,0.95521,0.94481,0.93583,0.92816,0.9217,0.9163,0.91183,0.90819,0.90526,0.90297,0.90124,0.90003,0.89932,0.89913,0.89948,0.90043,0.90209,0.90456,0.90799,0.91255,0.91842,0.92582,0.93493,0.94595,0.95903,0.97426,0.99164,1.011,1.0319,1.0535,1.0747,1.0942,1.1109,1.1238,1.1325,1.137,1.1374,1.1337,1.1268,1.1172,1.1063,1.0956,1.0873,1.0827,1.0829,1.0883,1.0989,1.114,1.1328,1.1544,1.178,1.2025,1.2273,1.2514,1.2742,1.295,1.3133,1.3287,1.3408,1.3494,1.3542,1.3552,1.3523,1.3455,1.3351,1.3211,1.304,1.284,1.2616,1.2375,1.2121,1.1862,1.1607,1.1364,1.1142,1.095,1.0797,1.0691,1.064,1.0644,1.0698,1.079,1.0903,1.1015,1.1108,1.1173,1.12,1.1187,1.1134,1.104,1.0908,1.0742,1.0551,1.0345,1.0136,0.99338,0.97457,0.95761,0.94268,0.92981,0.91896,0.91001,0.9028,0.89716,0.89291,0.88986,0.88783,0.88668,0.88627,0.88648,0.88722,0.88845,0.89011,0.8922,0.89475,0.89779,0.90142,0.90573,0.91087,0.917,0.92429,0.93294,0.94314,0.95508,0.96891,0.98474,1.0026,1.0222,1.0432,1.0648,1.0858,1.105,1.1212,1.1336,1.1418,1.1457,1.1455,1.1413,1.1337,1.1236,1.1121,1.101,1.0922,1.0872,1.0871,1.0923,1.1028,1.1178,1.1365,1.1582,1.1817,1.2064,1.2312,1.2555,1.2784,1.2994,1.3179,1.3336,1.3459,1.3548,1.3599,1.3612,1.3587,1.3524,1.3423,1.3288,1.3122,1.2927,1.2709,1.2473,1.2225,1.1973,1.1724,1.1487,1.1271,1.1085,1.0938,1.0837,1.0791,1.0798,1.0854,1.0948,1.1061,1.1172,1.1265,1.1328,1.1355,1.1341,1.1286,1.1191,1.1058,1.0892,1.0699,1.0493,1.0284,1.0081,0.9893,0.97235,0.95743,0.94458,0.93375,0.92482,0.91763,0.91201,0.90777,0.90472,0.90269,0.90151,0.90103,0.90115,0.90175,0.90277,0.90417,0.90591,0.90801,0.91051,0.91346,0.91696,0.92114,0.92613,0.93212,0.93929,0.94783,0.95795,0.96982,0.9836,0.99936,1.0171,1.0365,1.0568,1.0772,1.0964,1.1135,1.1276,1.1388,1.1476,1.1549
-0.5798,-0.57479,-0.56883,-0.56132,-0.55194,-0.54074,-0.52813,-0.51474,-0.50113,-0.4878,-0.47511,-0.46326,-0.45236,-0.44243,-0.4335,-0.42554,-0.41851,-0.41236,-0.40702,-0.40244,-0.39853,-0.39526,-0.39256,-0.3904,-0.38876,-0.38761,-0.38696,-0.38682,-0.38722,-0.3882,-0.38985,-0.39223,-0.39545,-0.39965,-0.40496,-0.41155,-0.41961,-0.42931,-0.44088,-0.45451,-0.47038,-0.48868,-0.50935,-0.53201,-0.55595,-0.58025,-0.60372,-0.62539,-0.64473,-0.6616,-0.67614,-0.68869,-0.69937,-0.70819,-0.71512,-0.72016,-0.72351,-0.72588,-0.72793,-0.7302,-0.73309,-0.73673,-0.74088,-0.74521,-0.74935,-0.75294,-0.7556,-0.75702,-0.7569,-0.755,-0.75112,-0.74512,-0.73689,-0.72641,-0.71366,-0.6987,-0.68161,-0.66251,-0.64156,-0.61893,-0.59485,-0.56957,-0.54335,-0.51653,-0.48943,-0.46245,-0.43599,-0.41052,-0.38654,-0.36455,-0.34511,-0.32896,-0.31723,-0.3107,-0.30973,-0.31436,-0.32383,-0.33621,-0.34991,-0.36364,-0.3764,-0.38766,-0.39748,-0.40581,-0.41251,-0.41741,-0.42042,-0.42157,-0.4211,-0.41934,-0.41668,-0.41353,-0.4102,-0.40692,-0.40385,-0.40106,-0.39862,-0.39655,-0.39485,-0.3935,-0.39248,-0.39179,-0.3914,-0.39131,-0.39151,-0.39202,-0.39284,-0.39401,-0.39558,-0.3976,-0.40014,-0.4033,-0.40719,-0.41195,-0.41772,-0.42468,-0.43301,-0.44291,-0.4546,-0.46828,-0.48416,-0.50242,-0.52302,-0.54559,-0.56943,-0.59362,-0.61697,-0.6385,-0.6577,-0.67442,-0.68881,-0.70122,-0.71177,-0.72048,-0.72733,-0.73234,-0.73571,-0.73816,-0.74034,-0.74278,-0.74586,-0.74972,-0.75411,-0.7587,-0.76311,-0.76697,-0.76992,-0.77163,-0.77179,-0.77016,-0.76655,-0.7608,-0.75282,-0.74255,-0.73,-0.71521,-0.69827,-0.6793,-0.65845,-0.63592,-0.6119,-0.58667,-0.5605,-0.53369,-0.50661,-0.47963,-0.45316,-0.42767,-0.40364,-0.38159,-0.36206,-0.34578,-0.33388,-0.32712,-0.3259,-0.33025,-0.33943,-0.35153,-0.36497,-0.37847,-0.39102,-0.40209,-0.41172,-0.41986,-0.42637,-0.43109,-0.43391,-0.4349,-0.43428,-0.43239,-0.42963,-0.4264,-0.423,-0.41966,-0.41654,-0.41372,-0.41125,-0.40915,-0.40741,-0.40603,-0.40499,-0.40425,-0.4038,-0.40363,-0.40371,-0.40406,-0.40468,-0.4056,-0.40684,-0.40846,-0.41051,-0.41308,-0.41627,-0.4202,-0.42499,-0.43082,-0.43786,-0.44628,-0.45631,-0.46815,-0.48202,-0.49812,-0.51646,-0.53667,-0.55809,-0.57977,-0.60052,-0.61935,-0.63593,-0.65048,-0.66373
0,-0.012951,-0.02798,-0.046205,-0.067847,-0.092267,-0.11795,-0.14321,-0.16688,-0.18826,-0.20705,-0.22339,-0.23758,-0.24988,-0.26054,-0.26974,-0.27768,-0.28449,-0.29031,-0.29524,-0.29937,-0.30279,-0.30555,-0.30769,-0.30926,-0.31027,-0.31074,-0.31066,-0.31003,-0.30883,-0.30701,-0.30452,-0.3013,-0.29725,-0.29225,-0.28617,-0.27882,-0.27,-0.25944,-0.24681,-0.23172,-0.21369,-0.19236,-0.16768,-0.13997,-0.10989,-0.078517,-0.046968,-0.015959,0.014183,0.043517,0.072531,0.1018,0.13152,0.16157,0.19146,0.22037,0.24741,0.27208,0.29415,0.31369,0.33103,0.34661,0.36074,0.37366,0.38554,0.39648,0.40656,0.41578,0.42416,0.43167,0.43826,0.44391,0.44855,0.45215,0.45468,0.4561,0.4564,0.45558,0.45363,0.45055,0.44635,0.44103,0.43457,0.42694,0.41807,0.40786,0.39615,0.38273,0.36732,0.34954,0.32892,0.30507,0.27795,0.24788,0.21555,0.18207,0.14861,0.11588,0.084187,0.053377,0.022855,-0.0080282,-0.03949,-0.071335,-0.10296,-0.13332,-0.16137,-0.18643,-0.2082,-0.22669,-0.24226,-0.25538,-0.26644,-0.27576,-0.28361,-0.2902,-0.29572,-0.30031,-0.30409,-0.30716,-0.3096,-0.31146,-0.31279,-0.31361,-0.31396,-0.31383,-0.31321,-0.31211,-0.31047,-0.30827,-0.30545,-0.30192,-0.29759,-0.29236,-0.28606,-0.27852,-0.26952,-0.25879,-0.246,-0.23076,-0.21259,-0.19111,-0.1663,-0.13844,-0.10822,-0.07671,-0.045038,-0.013926,0.016295,0.045677,0.074706,0.10396,0.13365,0.16363,0.19346,0.22231,0.2493,0.27392,0.29596,0.31548,0.33283,0.34842,0.36258,0.37554,0.38748,0.39849,0.40865,0.41797,0.42645,0.43408,0.4408,0.44657,0.45134,0.45508,0.45774,0.4593,0.45973,0.45904,0.45722,0.45427,0.4502,0.44499,0.43865,0.43112,0.42235,0.41224,0.40061,0.38727,0.37193,0.35421,0.33363,0.30979,0.28267,0.25255,0.22014,0.18655,0.15296,0.12009,0.088226,0.057243,0.026536,-0.0045467,-0.036221,-0.068287,-0.10013,-0.13072,-0.15897,-0.18422,-0.20615,-0.22478,-0.24046,-0.25368,-0.26483,-0.27422,-0.28214,-0.28879,-0.29436,-0.29899,-0.30282,-0.30594,-0.30843,-0.31036,-0.31176,-0.31269,-0.31316,-0.31318,-0.31277,-0.3119,-0.31057,-0.30873,-0.30635,-0.30335,-0.29967,-0.29521,-0.28984,-0.28342,-0.27576,-0.26664,-0.25579,-0.24287,-0.22748,-0.20935,-0.18854,-0.16547,-0.14094,-0.11619,-0.092371,-0.070102,-0.049435,-0.029866
0,-0.0019893,-0.0043524,-0.007314,-0.010958,-0.015226,-0.019906,-0.02473,-0.029491,-0.034042,-0.038295,-0.042229,-0.045857,-0.049192,-0.052246,-0.055028,-0.057544,-0.059799,-0.061795,-0.063534,-0.065015,-0.066236,-0.067197,-0.067896,-0.068334,-0.068512,-0.068433,-0.068101,-0.067521,-0.0667,-0.065644,-0.064356,-0.062841,-0.061099,-0.059128,-0.05692,-0.054462,-0.051737,-0.048723,-0.045389,-0.041702,-0.037626,-0.033154,-0.028334,-0.023269,-0.018103,-0.013014,-0.0081312,-0.0034816,0.00099646,0.0054541,0.010114,0.015181,0.020769,0.026897,0.033477,0.040295,0.04709,0.053639,0.05977,0.065374,0.070419,0.074926,0.078921,0.082436,0.085505,0.088162,0.090441,0.092374,0.09399,0.095316,0.096373,0.097181,0.097753,0.098101,0.098231,0.098146,0.097845,0.097323,0.09657,0.095573,0.094314,0.092769,0.090911,0.08871,0.086128,0.083129,0.079672,0.075715,0.071218,0.066145,0.060468,0.054209,0.047481,0.040466,0.033404,0.026584,0.020237,0.014442,0.0091604,0.0042419,-0.00057745,-0.0055594,-0.010858,-0.016523,-0.022496,-0.028591,-0.034577,-0.04027,-0.045542,-0.050325,-0.05462,-0.058466,-0.061896,-0.064944,-0.067634,-0.06999,-0.072028,-0.073763,-0.075204,-0.076358,-0.077229,-0.077821,-0.078139,-0.078186,-0.077966,-0.077487,-0.076754,-0.075776,-0.074562,-0.07312,-0.071456,-0.069575,-0.06748,-0.065169,-0.062634,-0.059865,-0.056844,-0.053547,-0.049947,-0.04601,-0.041699,-0.037009,-0.031991,-0.026747,-0.021426,-0.016201,-0.011197,-0.0064338,-0.0018415,0.0027404,0.0075432,0.012775,0.018553,0.024896,0.031711,0.038777,0.045823,0.052618,0.058985,0.064808,0.070054,0.074744,0.078905,0.082568,0.085768,0.088541,0.09092,0.09294,0.09463,0.096016,0.097123,0.097968,0.098568,0.098932,0.099068,0.09898,0.098664,0.098117,0.097327,0.096282,0.094962,0.093342,0.091395,0.089088,0.086385,0.083244,0.079626,0.075486,0.070785,0.065485,0.059557,0.053027,0.046014,0.038707,0.031357,0.024267,0.017673,0.011662,0.0061891,0.0011008,-0.0038776,-0.0090173,-0.014477,-0.020309,-0.02645,-0.032709,-0.038847,-0.044677,-0.050067,-0.054949,-0.059326,-0.063237,-0.066719,-0.069805,-0.072524,-0.074898,-0.076947,-0.078685,-0.080123,-0.081268,-0.082129,-0.08271,-0.083016,-0.083054,-0.08283,-0.082353,-0.081631,-0.080675,-0.079495,-0.078102,-0.076505,-0.074711,-0.072725,-0.070547,-0.068174,-0.065598,-0.062802,-0.059767,-0.056466,-0.052865,-0.048928,-0.04465,-0.040089,-0.035357,-0.03062,-0.026086,-0.021926,-0.018195,-0.014848,-0.01174
-8.6736e-19,0.012542,0.027046,0.044547,0.065229,0.088454,0.11277,0.13661,0.1589,0.17904,0.19684,0.21245,0.22619,0.23832,0.24904,0.25852,0.26687,0.27418,0.28053,0.28595,0.29048,0.29414,0.29693,0.29887,0.29997,0.30023,0.29967,0.29832,0.29618,0.2933,0.28967,0.28533,0.28028,0.2745,0.26796,0.26061,0.25236,0.24307,0.23255,0.22052,0.20665,0.19048,0.1716,0.14988,0.12545,0.098761,0.070625,0.04188,0.013065,-0.015607,-0.04426,-0.073332,-0.10324,-0.13404,-0.16538,-0.19657,-0.22653,-0.2542,-0.27889,-0.30029,-0.31842,-0.33364,-0.34641,-0.35714,-0.36614,-0.37368,-0.37998,-0.38522,-0.38956,-0.39311,-0.39597,-0.39822,-0.39992,-0.40111,-0.40183,-0.4021,-0.40193,-0.4013,-0.40022,-0.39865,-0.39655,-0.39387,-0.39052,-0.38643,-0.38146,-0.37548,-0.3683,-0.35971,-0.34945,-0.33719,-0.32254,-0.30502,-0.28426,-0.26022,-0.23317,-0.20378,-0.17304,-0.14199,-0.11125,-0.081063,-0.051278,-0.021365,0.0091718,0.040421,0.072079,0.10346,0.13349,0.16116,0.18585,0.20732,0.22564,0.2412,0.25448,0.26586,0.27563,0.28401,0.29118,0.29725,0.30231,0.30642,0.30963,0.31195,0.31341,0.31402,0.31379,0.31274,0.31088,0.30825,0.30487,0.30076,0.29594,0.29044,0.28427,0.27742,0.26986,0.26154,0.25236,0.2422,0.23087,0.2181,0.20355,0.18678,0.1674,0.14527,0.12054,0.093673,0.065448,0.036679,0.0078765,-0.020766,-0.049388,-0.078435,-0.10832,-0.13908,-0.17039,-0.20154,-0.23146,-0.25907,-0.28372,-0.30508,-0.32318,-0.33837,-0.35112,-0.36183,-0.37082,-0.37835,-0.38464,-0.38988,-0.39421,-0.39776,-0.40062,-0.40287,-0.40457,-0.40576,-0.40649,-0.40676,-0.40658,-0.40596,-0.40488,-0.4033,-0.4012,-0.39851,-0.39515,-0.39105,-0.38607,-0.38007,-0.37287,-0.36426,-0.35396,-0.34166,-0.32695,-0.30936,-0.2885,-0.26435,-0.23717,-0.20761,-0.1767,-0.14546,-0.11453,-0.084152,-0.054173,-0.024067,0.0066543,0.038071,0.069868,0.10134,0.13142,0.15908,0.18372,0.2051,0.22329,0.23871,0.25184,0.26305,0.27265,0.28086,0.28784,0.29374,0.29863,0.30258,0.30562,0.3078,0.30913,0.30963,0.30931,0.3082,0.30633,0.30371,0.30039,0.2964,0.29176,0.28652,0.28068,0.27426,0.26724,0.25961,0.25129,0.24218,0.23216,0.221,0.20845,0.19415,0.17783,0.15947,0.13936,0.11808,0.096559,0.075699,0.055991,0.037491,0.019806
-0.6748,-0.67776,-0.68132,-0.68594,-0.69209,-0.70024,-0.71075,-0.7235,-0.73837,-0.75518,-0.77364,-0.79339,-0.81423,-0.83585,-0.85792,-0.88007,-0.9019,-0.92302,-0.94307,-0.96169,-0.97857,-0.99342,-1.006,-1.0161,-1.0236,-1.0284,-1.0305,-1.0298,-1.0265,-1.0207,-1.0125,-1.0023,-0.99027,-0.97689,-0.96259,-0.94787,-0.93329,-0.91943,-0.90688,-0.89613,-0.88758,-0.88139,-0.87732,-0.87477,-0.87294,-0.87086,-0.86776,-0.86342,-0.85788,-0.85139,-0.84426,-0.83657,-0.828,-0.81836,-0.8076,-0.7959,-0.7838,-0.77206,-0.76128,-0.7519,-0.74415,-0.73803,-0.73342,-0.73015,-0.72805,-0.72693,-0.72663,-0.72697,-0.7278,-0.72897,-0.73036,-0.73185,-0.73334,-0.73474,-0.73597,-0.73697,-0.7377,-0.7381,-0.73817,-0.73787,-0.73721,-0.73617,-0.73476,-0.73298,-0.73081,-0.72825,-0.72525,-0.72177,-0.71771,-0.71291,-0.70717,-0.70013,-0.69143,-0.6808,-0.66812,-0.65343,-0.63727,-0.62043,-0.60361,-0.58737,-0.57208,-0.55775,-0.54466,-0.53336,-0.52468,-0.51978,-0.51989,-0.52523,-0.53572,-0.55092,-0.57006,-0.59219,-0.61678,-0.64323,-0.67099,-0.69947,-0.72816,-0.75656,-0.78421,-0.81071,-0.83568,-0.8588,-0.87979,-0.89842,-0.9145,-0.92789,-0.9385,-0.9463,-0.95131,-0.9536,-0.95333,-0.95068,-0.94594,-0.93943,-0.93155,-0.92276,-0.91359,-0.90458,-0.89631,-0.88931,-0.88403,-0.88072,-0.87908,-0.87852,-0.87819,-0.87705,-0.8743,-0.86988,-0.86397,-0.85695,-0.84926,-0.84106,-0.83203,-0.82196,-0.81081,-0.79874,-0.78633,-0.77432,-0.76334,-0.7538,-0.74594,-0.73976,-0.7351,-0.73181,-0.7297,-0.72859,-0.72829,-0.72864,-0.72948,-0.73067,-0.73208,-0.73359,-0.7351,-0.73652,-0.73777,-0.73879,-0.73954,-0.73997,-0.74005,-0.73977,-0.73912,-0.73809,-0.73668,-0.73489,-0.73271,-0.73013,-0.72711,-0.72359,-0.71948,-0.71463,-0.70883,-0.70174,-0.693,-0.68234,-0.66964,-0.65498,-0.63886,-0.62213,-0.60548,-0.58947,-0.57449,-0.56056,-0.54795,-0.5372,-0.52914,-0.52489,-0.52564,-0.53159,-0.54263,-0.55831,-0.57785,-0.60031,-0.62516,-0.65184,-0.67977,-0.70841,-0.73723,-0.76574,-0.79349,-0.82009,-0.84515,-0.86837,-0.88945,-0.90818,-0.92436,-0.93785,-0.94856,-0.95646,-0.96155,-0.96393,-0.96371,-0.96109,-0.95634,-0.94976,-0.94176,-0.93278,-0.92332,-0.91396,-0.90526,-0.89782,-0.89215,-0.8886,-0.88702,-0.88698,-0.88779,-0.88856,-0.88852,-0.8875,-0.88551,-0.88277,-0.8797
1.1504,1.1448,1.1377,1.1285,1.1169,1.1034,1.0895,1.0766,1.066,1.0587,1.0552,1.0553,1.0588,1.0651,1.0736,1.0835,1.0942,1.1049,1.115,1.1238,1.1309,1.1358,1.1381,1.1375,1.1339,1.1272,1.1172,1.1041,1.088,1.0692,1.0479,1.0247,1.0001,0.97494,0.94999,0.9263,0.90501,0.88737,0.87464,0.86806,0.86866,0.87729,0.89419,0.91852,0.94859,0.98199,1.0157,1.0466,1.0731,1.0941,1.1096,1.1198,1.1256,1.1274,1.1255,1.1206,1.1131,1.1039,1.0938,1.0836,1.074,1.0656,1.0584,1.0525,1.048,1.0448,1.0426,1.0415,1.0411,1.0414,1.0421,1.0431,1.0444,1.0458,1.0472,1.0486,1.0499,1.0512,1.0524,1.0536,1.0549,1.0565,1.0583,1.0606,1.0635,1.0673,1.0719,1.0777,1.0846,1.0929,1.1024,1.1129,1.1241,1.1352,1.1453,1.1535,1.1591,1.1614,1.1602,1.1554,1.1469,1.1346,1.1189,1.1002,1.0796,1.059,1.0404,1.0256,1.0159,1.0121,1.0142,1.0216,1.0334,1.0487,1.0666,1.0859,1.1058,1.1253,1.1438,1.1604,1.1746,1.186,1.1942,1.1988,1.1997,1.1968,1.1901,1.1796,1.1655,1.1481,1.1277,1.1047,1.0798,1.0536,1.0269,1.0008,0.9763,0.95461,0.937,0.92473,0.91895,0.92071,0.9307,0.94854,0.97294,1.0019,1.0324,1.0614,1.0866,1.1069,1.1218,1.1315,1.1368,1.1381,1.1357,1.1303,1.1223,1.1126,1.1021,1.0917,1.0818,1.0731,1.0657,1.0597,1.0551,1.0517,1.0495,1.0482,1.0478,1.048,1.0487,1.0497,1.051,1.0523,1.0537,1.0551,1.0565,1.0578,1.0591,1.0604,1.0618,1.0633,1.0653,1.0676,1.0706,1.0744,1.0792,1.085,1.0921,1.1004,1.11,1.1207,1.1319,1.1431,1.1533,1.1617,1.1673,1.1697,1.1686,1.1639,1.1555,1.1434,1.1277,1.109,1.0886,1.068,1.0494,1.0346,1.0249,1.021,1.023,1.0302,1.0418,1.057,1.0746,1.0938,1.1135,1.133,1.1513,1.1678,1.182,1.1934,1.2015,1.206,1.2069,1.2039,1.197,1.1863,1.1719,1.154,1.133,1.1093,1.0835,1.0561,1.0279,0.99996,0.97323,0.94893,0.92831,0.91267,0.90327,0.90132,0.90774,0.92234,0.94398,0.9707,0.99957,1.0274,1.0526,1.0748,1.0947
-0.5798,-0.57264,-0.56376,-0.5521,-0.5371,-0.51879,-0.49799,-0.47613,-0.45449,-0.43405,-0.41551,-0.39914,-0.38479,-0.37219,-0.36106,-0.35107,-0.3419,-0.33326,-0.32485,-0.31644,-0.30782,-0.29883,-0.28936,-0.27932,-0.26865,-0.25734,-0.24541,-0.23288,-0.21984,-0.2064,-0.19269,-0.17893,-0.16538,-0.15236,-0.14028,-0.12963,-0.12098,-0.11495,-0.11223,-0.11349,-0.11938,-0.13053,-0.14746,-0.16999,-0.19734,-0.22825,-0.26072,-0.29239,-0.32173,-0.34785,-0.37043,-0.38991,-0.40711,-0.4225,-0.43626,-0.4484,-0.45869,-0.46698,-0.4733,-0.47787,-0.48102,-0.48315,-0.48461,-0.48565,-0.48645,-0.48711,-0.48772,-0.4883,-0.48887,-0.48944,-0.49001,-0.49056,-0.49109,-0.4916,-0.4921,-0.49259,-0.49311,-0.49368,-0.49435,-0.49519,-0.49626,-0.49766,-0.49948,-0.50186,-0.50493,-0.50883,-0.51374,-0.51983,-0.52728,-0.53627,-0.54696,-0.5595,-0.57385,-0.58969,-0.60646,-0.62342,-0.63956,-0.65395,-0.66595,-0.67516,-0.68131,-0.68425,-0.68371,-0.67948,-0.67155,-0.66013,-0.64594,-0.63036,-0.61462,-0.59976,-0.58649,-0.57512,-0.5654,-0.55697,-0.54944,-0.54239,-0.53541,-0.52815,-0.52027,-0.51154,-0.50174,-0.49074,-0.47844,-0.46481,-0.44985,-0.4336,-0.41614,-0.39757,-0.37803,-0.35769,-0.33676,-0.31547,-0.29413,-0.27308,-0.25274,-0.23358,-0.21618,-0.20114,-0.18913,-0.18084,-0.17694,-0.17823,-0.18569,-0.19962,-0.21969,-0.24508,-0.27398,-0.30362,-0.33205,-0.35796,-0.38061,-0.40015,-0.41742,-0.43287,-0.4467,-0.4589,-0.46927,-0.47762,-0.48399,-0.48861,-0.49179,-0.49394,-0.49542,-0.49647,-0.49727,-0.49794,-0.49855,-0.49913,-0.49971,-0.50028,-0.50085,-0.5014,-0.50194,-0.50245,-0.50296,-0.50346,-0.50398,-0.50456,-0.50524,-0.50608,-0.50715,-0.50855,-0.51038,-0.51275,-0.51581,-0.5197,-0.52459,-0.53065,-0.53805,-0.54699,-0.55761,-0.57006,-0.5843,-0.6,-0.61662,-0.6334,-0.64936,-0.66355,-0.67534,-0.68432,-0.6902,-0.69283,-0.69193,-0.68729,-0.67889,-0.66699,-0.6523,-0.63621,-0.61998,-0.60464,-0.59093,-0.57915,-0.56905,-0.56028,-0.55244,-0.54512,-0.5379,-0.53042,-0.52237,-0.51348,-0.50354,-0.49241,-0.47999,-0.46623,-0.45113,-0.4347,-0.41702,-0.39818,-0.3783,-0.35753,-0.33606,-0.31412,-0.29197,-0.26993,-0.24839,-0.22779,-0.20867,-0.19162,-0.1773,-0.16639,-0.15959,-0.15776,-0.16195,-0.17249,-0.18904,-0.21073,-0.23566,-0.26106,-0.28536,-0.30788,-0.32887
8.6736e-19,-0.012937,-0.027924,-0.046057,-0.067547,-0.091761,-0.11721,-0.14227,-0.16583,-0.18724,-0.20627,-0.22307,-0.23794,-0.25114,-0.26286,-0.27327,-0.28247,-0.29056,-0.2976,-0.30364,-0.3087,-0.3128,-0.31595,-0.31816,-0.31944,-0.3198,-0.31925,-0.31782,-0.31552,-0.31238,-0.30843,-0.30367,-0.29811,-0.29175,-0.28455,-0.27646,-0.26738,-0.25716,-0.24563,-0.2325,-0.21744,-0.19999,-0.17977,-0.15666,-0.13084,-0.10282,-0.073454,-0.043643,-0.013946,0.015416,0.044578,0.074019,0.10421,0.13524,0.16681,0.19822,0.22841,0.25631,0.28122,0.30283,0.32115,0.33654,0.34947,0.36033,0.36945,0.37709,0.38349,0.38881,0.39321,0.39681,0.39972,0.402,0.40373,0.40494,0.40567,0.40595,0.40577,0.40514,0.40404,0.40244,0.40031,0.39758,0.39418,0.39002,0.38498,0.37891,0.37163,0.36293,0.35254,0.34012,0.3253,0.30759,0.28662,0.26235,0.23507,0.20543,0.17446,0.14315,0.11211,0.081538,0.051241,0.020647,-0.010767,-0.043099,-0.076042,-0.10887,-0.14048,-0.16978,-0.19612,-0.21918,-0.23901,-0.25598,-0.27057,-0.28314,-0.29399,-0.30334,-0.31137,-0.3182,-0.32391,-0.32858,-0.33223,-0.33491,-0.33662,-0.33738,-0.33721,-0.33613,-0.33415,-0.3313,-0.32762,-0.32312,-0.31783,-0.31179,-0.30498,-0.29741,-0.28906,-0.27986,-0.26972,-0.25851,-0.24604,-0.23204,-0.21618,-0.198,-0.17714,-0.15351,-0.12727,-0.098954,-0.069398,-0.039474,-0.0097179,0.019671,0.048843,0.078288,0.10848,0.13949,0.17103,0.20242,0.23258,0.26044,0.28532,0.3069,0.32521,0.34058,0.35349,0.36434,0.37346,0.3811,0.38749,0.39281,0.39721,0.40082,0.40373,0.40602,0.40774,0.40896,0.40969,0.40997,0.40979,0.40916,0.40806,0.40646,0.40431,0.40158,0.39817,0.39399,0.38893,0.38284,0.37553,0.3668,0.35636,0.34389,0.329,0.3112,0.29013,0.26573,0.23829,0.20849,0.17732,0.14581,0.11455,0.083758,0.053224,0.022377,-0.009298,-0.041891,-0.075081,-0.10813,-0.13991,-0.16933,-0.19574,-0.21882,-0.23864,-0.25556,-0.27008,-0.28256,-0.29331,-0.30255,-0.31045,-0.31715,-0.32273,-0.32725,-0.33078,-0.33332,-0.33492,-0.33558,-0.33533,-0.33419,-0.3322,-0.32938,-0.32576,-0.32139,-0.3163,-0.31051,-0.30406,-0.29694,-0.28916,-0.28068,-0.27143,-0.26131,-0.25018,-0.23784,-0.224,-0.20831,-0.19053,-0.17066,-0.14903,-0.12629,-0.10344,-0.081435,-0.060763,-0.041458,-0.023071
1.3899,1.3921,1.3949,1.3983,1.4026,1.4076,1.4132,1.419,1.4249,1.4305,1.4359,1.4409,1.4455,1.4497,1.4536,1.4572,1.4604,1.4633,1.4658,1.468,1.47,1.4716,1.4729,1.4739,1.4746,1.475,1.4751,1.4748,1.4742,1.4733,1.4721,1.4707,1.4689,1.4668,1.4645,1.4618,1.4587,1.4553,1.4516,1.4474,1.4427,1.4376,1.432,1.426,1.4197,1.4133,1.4072,1.4018,1.3973,1.3941,1.3921,1.3915,1.3917,1.3926,1.3939,1.3954,1.3968,1.3983,1.3997,1.401,1.4022,1.4034,1.4045,1.4055,1.4065,1.4074,1.4083,1.4091,1.4098,1.4104,1.411,1.4115,1.4118,1.4121,1.4123,1.4124,1.4124,1.4124,1.4124,1.4123,1.4123,1.4121,1.4118,1.4115,1.4111,1.4106,1.41,1.4093,1.4085,1.4076,1.4066,1.4054,1.404,1.4025,1.4007,1.3988,1.3968,1.3951,1.3941,1.394,1.3952,1.3978,1.4016,1.4066,1.4125,1.4188,1.4255,1.4321,1.4384,1.4444,1.4498,1.4548,1.4592,1.4632,1.4668,1.47,1.4728,1.4753,1.4775,1.4793,1.4809,1.4822,1.4832,1.4839,1.4843,1.4844,1.4841,1.4836,1.4827,1.4816,1.4803,1.4787,1.4769,1.4748,1.4724,1.4698,1.4667,1.4634,1.4596,1.4554,1.4508,1.4457,1.4401,1.4341,1.4278,1.4214,1.4152,1.4097,1.4051,1.4018,1.3998,1.3991,1.3993,1.4001,1.4014,1.4028,1.4043,1.4057,1.4071,1.4084,1.4096,1.4107,1.4118,1.4128,1.4138,1.4147,1.4156,1.4164,1.4171,1.4177,1.4183,1.4188,1.4192,1.4194,1.4196,1.4197,1.4198,1.4198,1.4198,1.4197,1.4196,1.4195,1.4192,1.4189,1.4185,1.4179,1.4173,1.4166,1.4159,1.415,1.414,1.4128,1.4115,1.41,1.4083,1.4063,1.4044,1.4028,1.4018,1.4018,1.403,1.4057,1.4097,1.4147,1.4207,1.4271,1.4338,1.4404,1.4468,1.4527,1.4581,1.4629,1.4673,1.4712,1.4747,1.4777,1.4805,1.4828,1.4849,1.4867,1.4882,1.4894,1.4904,1.4911,1.4915,1.4916,1.4914,1.4909,1.4901,1.4891,1.4879,1.4865,1.4849,1.483,1.4809,1.4786,1.4759,1.473,1.4697,1.4661,1.462,1.4576,1.4526,1.4473,1.4418,1.4362,1.4309,1.4261,1.422,1.4184,1.4153
-0.26389,-0.26771,-0.27247,-0.27878,-0.28694,-0.29693,-0.30833,-0.32055,-0.33312,-0.34562,-0.35779,-0.36948,-0.38064,-0.39123,-0.4012,-0.41051,-0.41911,-0.42697,-0.43403,-0.44025,-0.44559,-0.45,-0.45348,-0.45604,-0.45774,-0.45862,-0.45874,-0.45812,-0.4567,-0.45447,-0.45137,-0.44738,-0.4425,-0.43675,-0.43014,-0.42271,-0.41447,-0.40541,-0.39553,-0.38483,-0.3733,-0.36093,-0.3478,-0.33413,-0.32027,-0.30664,-0.2939,-0.28278,-0.27374,-0.26708,-0.26294,-0.26103,-0.26075,-0.26159,-0.2631,-0.26488,-0.26671,-0.26854,-0.27031,-0.27203,-0.27365,-0.27521,-0.2767,-0.27813,-0.27951,-0.28083,-0.28208,-0.28326,-0.28433,-0.2853,-0.28613,-0.28681,-0.28734,-0.28773,-0.28798,-0.28812,-0.28819,-0.28821,-0.28819,-0.28812,-0.28798,-0.28775,-0.28739,-0.2869,-0.28627,-0.28549,-0.28459,-0.28355,-0.28239,-0.28108,-0.27962,-0.27796,-0.27607,-0.27393,-0.27154,-0.26895,-0.26644,-0.26449,-0.26361,-0.26433,-0.26723,-0.27263,-0.28046,-0.29057,-0.30268,-0.3163,-0.33086,-0.34583,-0.36072,-0.37513,-0.38878,-0.40154,-0.41342,-0.4244,-0.43451,-0.44373,-0.45207,-0.45954,-0.46612,-0.4718,-0.47655,-0.48037,-0.48328,-0.4853,-0.4865,-0.48691,-0.48659,-0.48551,-0.48362,-0.48089,-0.47726,-0.47272,-0.46726,-0.46092,-0.45372,-0.44567,-0.43677,-0.42703,-0.41644,-0.40499,-0.39267,-0.37948,-0.36551,-0.35098,-0.33626,-0.32178,-0.30825,-0.29644,-0.28683,-0.27974,-0.27532,-0.27327,-0.27295,-0.27381,-0.27539,-0.27725,-0.27917,-0.28108,-0.28296,-0.28476,-0.28648,-0.28812,-0.28969,-0.29121,-0.29268,-0.29408,-0.29541,-0.29666,-0.29781,-0.29884,-0.29973,-0.30047,-0.30104,-0.30146,-0.30173,-0.30189,-0.30198,-0.302,-0.30198,-0.30191,-0.30176,-0.30152,-0.30115,-0.30063,-0.29997,-0.29916,-0.29821,-0.29713,-0.2959,-0.29453,-0.29299,-0.29125,-0.28925,-0.28699,-0.28447,-0.28173,-0.27908,-0.27702,-0.27611,-0.27691,-0.28004,-0.28583,-0.29421,-0.30502,-0.31794,-0.33246,-0.34796,-0.36388,-0.37968,-0.39496,-0.40941,-0.42291,-0.43544,-0.44703,-0.45766,-0.46736,-0.47612,-0.48396,-0.49086,-0.49681,-0.50181,-0.50582,-0.50889,-0.51105,-0.51236,-0.51287,-0.51263,-0.51164,-0.50987,-0.50726,-0.50378,-0.49943,-0.4942,-0.48812,-0.48122,-0.47351,-0.46501,-0.4557,-0.44559,-0.43464,-0.42284,-0.41017,-0.39668,-0.38263,-0.36841,-0.35453,-0.34174,-0.33062,-0.32127,-0.31346,-0.3067
1.3576,1.3551,1.352,1.3479,1.3426,1.3361,1.3286,1.3205,1.3121,1.3037,1.2954,1.2874,1.2797,1.2724,1.2654,1.2588,1.2527,1.2471,1.2421,1.2376,1.2338,1.2306,1.228,1.2261,1.2248,1.2242,1.2241,1.2246,1.2256,1.2273,1.2295,1.2325,1.236,1.2401,1.2449,1.2502,1.256,1.2624,1.2693,1.2768,1.2847,1.2932,1.3022,1.3114,1.3206,1.3296,1.338,1.3452,1.3511,1.3553,1.3579,1.3591,1.3592,1.3586,1.3576,1.3564,1.3551,1.3539,1.3526,1.3514,1.3503,1.3492,1.3482,1.3472,1.3463,1.3453,1.3445,1.3436,1.3429,1.3422,1.3416,1.3411,1.3408,1.3405,1.3403,1.3402,1.3402,1.3402,1.3402,1.3402,1.3403,1.3405,1.3407,1.3411,1.3415,1.3421,1.3427,1.3434,1.3442,1.3452,1.3462,1.3473,1.3486,1.3501,1.3518,1.3535,1.3553,1.3566,1.3573,1.3569,1.3551,1.3516,1.3466,1.34,1.3321,1.3231,1.3134,1.3033,1.2932,1.2834,1.274,1.2651,1.2568,1.249,1.2419,1.2353,1.2293,1.2239,1.2192,1.215,1.2116,1.2088,1.2066,1.2051,1.2042,1.2039,1.2042,1.2051,1.2065,1.2086,1.2113,1.2146,1.2186,1.2232,1.2284,1.2342,1.2406,1.2475,1.255,1.2631,1.2717,1.2808,1.2904,1.3003,1.3103,1.32,1.329,1.3368,1.3431,1.3477,1.3506,1.3518,1.352,1.3514,1.3503,1.349,1.3477,1.3463,1.345,1.3438,1.3426,1.3414,1.3403,1.3393,1.3382,1.3372,1.3363,1.3354,1.3346,1.3339,1.3332,1.3327,1.3323,1.332,1.3318,1.3317,1.3316,1.3316,1.3316,1.3317,1.3318,1.3319,1.3322,1.3326,1.3331,1.3336,1.3343,1.3351,1.3359,1.3369,1.338,1.3392,1.3406,1.3422,1.344,1.3458,1.3477,1.3491,1.3498,1.3494,1.3474,1.3436,1.3381,1.331,1.3224,1.3127,1.3022,1.2913,1.2805,1.2699,1.2598,1.2503,1.2415,1.2332,1.2256,1.2186,1.2123,1.2066,1.2015,1.1972,1.1935,1.1905,1.1883,1.1866,1.1857,1.1853,1.1855,1.1863,1.1877,1.1897,1.1923,1.1955,1.1994,1.2039,1.2089,1.2145,1.2207,1.2274,1.2346,1.2425,1.2508,1.2598,1.2692,1.279,1.2888,1.2984,1.3071,1.3147,1.321,1.3263,1.3308
0.98794,0.99139,0.99561,1.0011,1.0082,1.0168,1.0267,1.0373,1.0483,1.0592,1.0699,1.0802,1.09,1.0993,1.1081,1.1164,1.124,1.1309,1.1372,1.1427,1.1475,1.1514,1.1546,1.157,1.1586,1.1594,1.1595,1.1589,1.1576,1.1555,1.1526,1.149,1.1447,1.1396,1.1337,1.1272,1.1201,1.1123,1.1038,1.0947,1.0849,1.0744,1.0634,1.0519,1.0402,1.0286,1.0178,1.0085,1.0012,0.99637,0.99425,0.99465,0.99701,1.0008,1.0055,1.0106,1.0158,1.0209,1.0259,1.0305,1.0349,1.039,1.0429,1.0466,1.0502,1.0535,1.0567,1.0596,1.0623,1.0647,1.0668,1.0685,1.0698,1.0708,1.0714,1.0717,1.0719,1.072,1.0719,1.0717,1.0714,1.0708,1.0699,1.0687,1.0672,1.0653,1.063,1.0605,1.0576,1.0544,1.0508,1.0467,1.042,1.0367,1.0306,1.024,1.0172,1.011,1.006,1.003,1.0025,1.0049,1.0099,1.0171,1.0262,1.0367,1.048,1.0598,1.0716,1.0831,1.0941,1.1045,1.1142,1.1232,1.1316,1.1393,1.1464,1.1529,1.1586,1.1636,1.168,1.1715,1.1743,1.1762,1.1774,1.1779,1.1776,1.1767,1.1752,1.1729,1.17,1.1663,1.162,1.1569,1.1511,1.1447,1.1375,1.1297,1.1213,1.1121,1.1023,1.0918,1.0807,1.069,1.0572,1.0455,1.0344,1.0249,1.0174,1.0123,1.0101,1.0103,1.0126,1.0163,1.021,1.026,1.0312,1.0363,1.0412,1.0459,1.0503,1.0544,1.0583,1.062,1.0656,1.069,1.0722,1.0751,1.0778,1.0803,1.0824,1.0841,1.0855,1.0865,1.0871,1.0875,1.0877,1.0878,1.0877,1.0875,1.0872,1.0866,1.0857,1.0845,1.083,1.0811,1.0789,1.0763,1.0735,1.0703,1.0667,1.0626,1.0579,1.0526,1.0466,1.04,1.0332,1.027,1.0221,1.0191,1.0188,1.0214,1.0265,1.034,1.0434,1.0542,1.0658,1.0778,1.0898,1.1015,1.1126,1.1231,1.1328,1.142,1.1504,1.1582,1.1653,1.1718,1.1776,1.1826,1.187,1.1906,1.1934,1.1954,1.1967,1.1972,1.197,1.1962,1.1948,1.1927,1.1899,1.1865,1.1824,1.1777,1.1723,1.1664,1.1598,1.1526,1.1448,1.1364,1.1274,1.1178,1.1076,1.097,1.0861,1.0755,1.0656,1.057,1.0497,1.0436,1.0383
0,0,0,0,0,0,0,0,0,0,0,0,0,0,0,0,0,0,0,0,0,0,0,0,0,0,0,0,0,0,0,0,0,0,0,0,0,0,0,0,0,0,0,0,0,0,0,0,0,0,0,0,0,0,0,0,0,0,0,0,0,0,0,0,0,0,0,0,0,0,0,0,0,0,0,0,0,0,0,0,0,0,0,0,0,0,0,0,0,0,0,0,0,0,0,0,0,0,0,0,0,0,0,0,0,0,0,0,0,0,0,0,0,0,0,0,0,0,0,0,0,0,0,0,0,0,0,0,0,0,0,0,0,0,0,0,0,0,0,0,0,0,0,0,0,0,0,0,0,0,0,0,0,0,0,0,0,0,0,0,0,0,0,0,0,0,0,0,0,0,0,0,0,0,0,0,0,0,0,0,0,0,0,0,0,0,0,0,0,0,0,0,0,0,0,0,0,0,0,0,0,0,0,0,0,0,0,0,0,0,0,0,0,0,0,0,0,0,0,0,0,0,0,0,0,0,0,0,0,0,0,0,0,0,0,0,0,0,0,0,0,0,0,0,0,0,0,0,0,0,0
1.4097,1.4044,1.3981,1.3903,1.3809,1.37,1.3582,1.3463,1.3348,1.324,1.3141,1.3052,1.2973,1.2902,1.2839,1.2783,1.2734,1.2691,1.2653,1.2621,1.2593,1.257,1.2551,1.2536,1.2526,1.252,1.2519,1.2523,1.2531,1.2544,1.2561,1.2582,1.2607,1.2637,1.2673,1.2715,1.2763,1.2819,1.2884,1.2959,1.3045,1.3143,1.3255,1.3377,1.3508,1.3643,1.3776,1.3898,1.4005,1.4092,1.4158,1.4204,1.4237,1.4262,1.4283,1.4303,1.4323,1.4343,1.4361,1.4379,1.4395,1.441,1.4424,1.4438,1.445,1.4462,1.4473,1.4483,1.4493,1.4501,1.4508,1.4514,1.4519,1.4522,1.4525,1.4526,1.4527,1.4527,1.4527,1.4526,1.4525,1.4523,1.4519,1.4515,1.451,1.4503,1.4496,1.4487,1.4478,1.4467,1.4456,1.4442,1.4427,1.441,1.439,1.4369,1.4344,1.4313,1.4272,1.4218,1.4146,1.4052,1.3938,1.3806,1.3661,1.3509,1.3356,1.3209,1.3072,1.2948,1.2838,1.2743,1.266,1.2588,1.2526,1.2474,1.243,1.2393,1.2362,1.2337,1.2317,1.2303,1.2292,1.2286,1.2284,1.2287,1.2295,1.2307,1.2323,1.2344,1.2369,1.2399,1.2432,1.247,1.2513,1.2561,1.2616,1.2679,1.275,1.2831,1.2922,1.3026,1.3142,1.3269,1.3405,1.3544,1.368,1.3805,1.3913,1.4002,1.4068,1.4115,1.4149,1.4174,1.4195,1.4214,1.4234,1.4254,1.4272,1.429,1.4306,1.4321,1.4335,1.4348,1.4361,1.4373,1.4384,1.4394,1.4403,1.4412,1.4419,1.4425,1.443,1.4433,1.4435,1.4437,1.4438,1.4438,1.4438,1.4437,1.4436,1.4434,1.4431,1.4427,1.4421,1.4415,1.4408,1.4399,1.439,1.438,1.4368,1.4355,1.434,1.4323,1.4303,1.4282,1.4257,1.4226,1.4185,1.413,1.4057,1.3961,1.3845,1.371,1.3561,1.3405,1.3249,1.3099,1.2959,1.2832,1.272,1.2623,1.2538,1.2465,1.2402,1.2349,1.2304,1.2266,1.2235,1.221,1.219,1.2175,1.2164,1.2158,1.2156,1.2158,1.2165,1.2176,1.2192,1.2211,1.2234,1.2261,1.2292,1.2326,1.2365,1.2409,1.2458,1.2515,1.2578,1.2651,1.2733,1.2827,1.2932,1.3047,1.3168,1.3292,1.341,1.3517,1.3611,1.3693,1.3766
0.27148,0.26953,0.26721,0.26428,0.26066,0.25642,0.25177,0.24699,0.24231,0.23786,0.23376,0.23001,0.22662,0.22356,0.22082,0.21838,0.21622,0.21431,0.21266,0.21123,0.21001,0.209,0.20819,0.20757,0.20715,0.20691,0.20687,0.20703,0.20737,0.2079,0.20862,0.20953,0.21064,0.21197,0.21354,0.21538,0.21751,0.21997,0.2228,0.22604,0.22972,0.23388,0.23852,0.24355,0.24886,0.25426,0.25948,0.26423,0.26834,0.27169,0.27424,0.2761,0.2775,0.27862,0.2796,0.28056,0.28153,0.28248,0.2834,0.28427,0.28509,0.28586,0.28658,0.28728,0.28794,0.28857,0.28917,0.28973,0.29025,0.29072,0.29114,0.2915,0.29178,0.292,0.29215,0.29224,0.29228,0.2923,0.29228,0.29223,0.29215,0.29201,0.2918,0.29154,0.29121,0.29083,0.29039,0.28991,0.28938,0.2888,0.28817,0.28747,0.28669,0.28582,0.28485,0.2838,0.28263,0.28125,0.27953,0.27734,0.27449,0.27085,0.26643,0.26128,0.25552,0.24939,0.24315,0.23704,0.23126,0.22595,0.22119,0.21697,0.21327,0.21005,0.20725,0.20486,0.20283,0.20113,0.19973,0.1986,0.19772,0.19706,0.19661,0.19635,0.19628,0.19639,0.1967,0.19721,0.19793,0.19885,0.19998,0.2013,0.20282,0.20454,0.2065,0.20871,0.2112,0.21402,0.21719,0.22076,0.22476,0.22924,0.23419,0.23952,0.2451,0.25075,0.2562,0.26114,0.2654,0.26886,0.27148,0.27339,0.27482,0.27594,0.27693,0.27788,0.27886,0.27982,0.28074,0.28161,0.28243,0.2832,0.28393,0.28463,0.2853,0.28593,0.28653,0.2871,0.28762,0.2881,0.28852,0.28888,0.28917,0.28939,0.28954,0.28964,0.28969,0.2897,0.28969,0.28964,0.28956,0.28942,0.28922,0.28896,0.28864,0.28826,0.28783,0.28735,0.28682,0.28625,0.28562,0.28493,0.28415,0.28328,0.28231,0.28126,0.28008,0.27868,0.27694,0.27469,0.27174,0.26797,0.26338,0.25802,0.25204,0.24566,0.23917,0.23281,0.2268,0.22127,0.21631,0.21193,0.20807,0.20472,0.20181,0.19933,0.19722,0.19545,0.194,0.19283,0.19191,0.19123,0.19076,0.19048,0.19039,0.19048,0.19076,0.19124,0.19192,0.19278,0.19384,0.19508,0.19649,0.1981,0.19991,0.20195,0.20424,0.20683,0.20975,0.21304,0.21675,0.2209,0.22551,0.23049,0.23568,0.24089,0.24582,0.25022,0.25404,0.25733,0.26026
-1.3638,-1.3619,-1.3597,-1.357,-1.3537,-1.3499,-1.3458,-1.3417,-1.3378,-1.3342,-1.331,-1.3281,-1.3255,-1.3233,-1.3213,-1.3195,-1.318,-1.3167,-1.3155,-1.3145,-1.3137,-1.313,-1.3125,-1.3121,-1.3118,-1.3116,-1.3116,-1.3117,-1.3119,-1.3123,-1.3128,-1.3134,-1.3141,-1.315,-1.3161,-1.3174,-1.3189,-1.3206,-1.3227,-1.325,-1.3278,-1.331,-1.3346,-1.3387,-1.3431,-1.3477,-1.3523,-1.3566,-1.3603,-1.3635,-1.3659,-1.3676,-1.3689,-1.37,-1.3709,-1.3718,-1.3727,-1.3736,-1.3744,-1.3752,-1.376,-1.3767,-1.3774,-1.378,-1.3786,-1.3792,-1.3798,-1.3803,-1.3808,-1.3812,-1.3816,-1.3819,-1.3822,-1.3824,-1.3825,-1.3826,-1.3826,-1.3827,-1.3826,-1.3826,-1.3825,-1.3824,-1.3822,-1.382,-1.3817,-1.3813,-1.3809,-1.3805,-1.38,-1.3795,-1.3789,-1.3782,-1.3775,-1.3767,-1.3758,-1.3748,-1.3737,-1.3724,-1.3707,-1.3686,-1.3659,-1.3624,-1.3583,-1.3536,-1.3485,-1.3432,-1.338,-1.333,-1.3285,-1.3245,-1.321,-1.318,-1.3154,-1.3132,-1.3113,-1.3098,-1.3084,-1.3073,-1.3064,-1.3057,-1.3052,-1.3048,-1.3045,-1.3043,-1.3043,-1.3043,-1.3045,-1.3048,-1.3053,-1.3059,-1.3066,-1.3075,-1.3084,-1.3096,-1.3108,-1.3123,-1.314,-1.3159,-1.3181,-1.3206,-1.3235,-1.3268,-1.3306,-1.3348,-1.3393,-1.344,-1.3487,-1.353,-1.3568,-1.36,-1.3624,-1.3642,-1.3655,-1.3665,-1.3674,-1.3683,-1.3692,-1.3701,-1.3709,-1.3717,-1.3725,-1.3732,-1.3738,-1.3745,-1.3751,-1.3757,-1.3762,-1.3767,-1.3772,-1.3777,-1.378,-1.3784,-1.3786,-1.3788,-1.379,-1.379,-1.3791,-1.3791,-1.3791,-1.379,-1.379,-1.3789,-1.3787,-1.3784,-1.3782,-1.3778,-1.3774,-1.377,-1.3765,-1.376,-1.3754,-1.3748,-1.374,-1.3732,-1.3723,-1.3714,-1.3703,-1.369,-1.3673,-1.3652,-1.3624,-1.3589,-1.3547,-1.3499,-1.3447,-1.3394,-1.3341,-1.3291,-1.3245,-1.3204,-1.3169,-1.3139,-1.3113,-1.3091,-1.3072,-1.3056,-1.3043,-1.3032,-1.3023,-1.3015,-1.301,-1.3006,-1.3003,-1.3001,-1.3001,-1.3001,-1.3003,-1.3006,-1.301,-1.3015,-1.3022,-1.3029,-1.3038,-1.3048,-1.306,-1.3073,-1.3087,-1.3104,-1.3124,-1.3146,-1.3171,-1.3201,-1.3234,-1.3271,-1.3311,-1.3351,-1.3391,-1.3427,-1.3459,-1.3487,-1.3512
-0.99246,-0.98778,-0.98239,-0.9759,-0.96824,-0.95964,-0.95066,-0.94188,-0.93375,-0.92652,-0.9203,-0.91507,-0.91072,-0.90715,-0.90425,-0.90192,-0.90006,-0.89858,-0.89739,-0.89641,-0.89557,-0.89481,-0.89412,-0.89353,-0.89306,-0.89277,-0.8927,-0.89287,-0.89322,-0.89372,-0.89432,-0.89501,-0.89581,-0.89677,-0.89797,-0.89952,-0.90152,-0.9041,-0.9074,-0.91156,-0.91671,-0.92299,-0.93047,-0.93906,-0.94856,-0.95865,-0.96882,-0.97854,-0.98747,-0.99539,-1.0022,-1.0082,-1.0136,-1.0189,-1.0241,-1.0295,-1.035,-1.0403,-1.0455,-1.0504,-1.0549,-1.0592,-1.0632,-1.067,-1.0706,-1.074,-1.0773,-1.0803,-1.083,-1.0855,-1.0876,-1.0893,-1.0907,-1.0916,-1.0923,-1.0927,-1.0929,-1.0929,-1.0929,-1.0927,-1.0923,-1.0917,-1.0908,-1.0896,-1.088,-1.0861,-1.0838,-1.0813,-1.0784,-1.0752,-1.0717,-1.0676,-1.063,-1.0578,-1.0519,-1.0454,-1.0385,-1.0311,-1.0233,-1.0149,-1.0057,-0.99548,-0.9842,-0.97201,-0.95918,-0.9462,-0.93364,-0.922,-0.91161,-0.90265,-0.89516,-0.88903,-0.8841,-0.88021,-0.87721,-0.87498,-0.87339,-0.87232,-0.87166,-0.87131,-0.8712,-0.87123,-0.87137,-0.87163,-0.87203,-0.87262,-0.87345,-0.87453,-0.87585,-0.87734,-0.87896,-0.88069,-0.88251,-0.88447,-0.88665,-0.88912,-0.89201,-0.89543,-0.8995,-0.90438,-0.91021,-0.91713,-0.92518,-0.93429,-0.94424,-0.95468,-0.96513,-0.97505,-0.98411,-0.9921,-0.99896,-1.0049,-1.0103,-1.0155,-1.0207,-1.0261,-1.0315,-1.0369,-1.042,-1.0469,-1.0515,-1.0557,-1.0597,-1.0636,-1.0672,-1.0706,-1.0739,-1.0769,-1.0796,-1.0821,-1.0842,-1.086,-1.0874,-1.0884,-1.0891,-1.0895,-1.0897,-1.0897,-1.0897,-1.0895,-1.0891,-1.0886,-1.0877,-1.0865,-1.0849,-1.083,-1.0808,-1.0783,-1.0754,-1.0723,-1.0687,-1.0647,-1.0601,-1.0549,-1.049,-1.0426,-1.0356,-1.0283,-1.0204,-1.0119,-1.0026,-0.99224,-0.98078,-0.96836,-0.95527,-0.94202,-0.92919,-0.91728,-0.90664,-0.89745,-0.88976,-0.88346,-0.87838,-0.87436,-0.87127,-0.86896,-0.86731,-0.8662,-0.86552,-0.86516,-0.86504,-0.86508,-0.86522,-0.86547,-0.86586,-0.86641,-0.86719,-0.86821,-0.86944,-0.87083,-0.87233,-0.8739,-0.87555,-0.87729,-0.87921,-0.88137,-0.88389,-0.88688,-0.89046,-0.89477,-0.89996,-0.90615,-0.91339,-0.92158,-0.93048,-0.93971,-0.94872,-0.95704,-0.9645,-0.97115,-0.97722
0,0,0,0,0,0,0,0,0,0,0,0,0,0,0,0,0,0,0,0,0,0,0,0,0,0,0,0,0,0,0,0,0,0,0,0,0,0,0,0,0,0,0,0,0,0,0,0,0,0,0,0,0,0,0,0,0,0,0,0,0,0,0,0,0,0,0,0,0,0,0,0,0,0,0,0,0,0,0,0,0,0,0,0,0,0,0,0,0,0,0,0,0,0,0,0,0,0,0,0,0,0,0,0,0,0,0,0,0,0,0,0,0,0,0,0,0,0,0,0,0,0,0,0,0,0,0,0,0,0,0,0,0,0,0,0,0,0,0,0,0,0,0,0,0,0,0,0,0,0,0,0,0,0,0,0,0,0,0,0,0,0,0,0,0,0,0,0,0,0,0,0,0,0,0,0,0,0,0,0,0,0,0,0,0,0,0,0,0,0,0,0,0,0,0,0,0,0,0,0,0,0,0,0,0,0,0,0,0,0,0,0,0,0,0,0,0,0,0,0,0,0,0,0,0,0,0,0,0,0,0,0,0,0,0,0,0,0,0,0,0,0,0,0,0,0,0,0,0,0,0
0,0,0,0,0,0,0,0,0,0,0,0,0,0,0,0,0,0,0,0,0,0,0,0,0,0,0,0,0,0,0,0,0,0,0,0,0,0,0,0,0,0,0,0,0,0,0,0,0,0,0,0,0,0,0,0,0,0,0,0,0,0,0,0,0,0,0,0,0,0,0,0,0,0,0,0,0,0,0,0,0,0,0,0,0,0,0,0,0,0,0,0,0,0,0,0,0,0,0,0,0,0,0,0,0,0,0,0,0,0,0,0,0,0,0,0,0,0,0,0,0,0,0,0,0,0,0,0,0,0,0,0,0,0,0,0,0,0,0,0,0,0,0,0,0,0,0,0,0,0,0,0,0,0,0,0,0,0,0,0,0,0,0,0,0,0,0,0,0,0,0,0,0,0,0,0,0,0,0,0,0,0,0,0,0,0,0,0,0,0,0,0,0,0,0,0,0,0,0,0,0,0,0,0,0,0,0,0,0,0,0,0,0,0,0,0,0,0,0,0,0,0,0,0,0,0,0,0,0,0,0,0,0,0,0,0,0,0,0,0,0,0,0,0,0,0,0,0,0,0,0
0,0,0,0,0,0,0,0,0,0,0,0,0,0,0,0,0,0,0,0,0,0,0,0,0,0,0,0,0,0,0,0,0,0,0,0,0,0,0,0,0,0,0,0,0,0,0,0,0,0,0,0,0,0,0,0,0,0,0,0,0,0,0,0,0,0,0,0,0,0,0,0,0,0,0,0,0,0,0,0,0,0,0,0,0,0,0,0,0,0,0,0,0,0,0,0,0,0,0,0,0,0,0,0,0,0,0,0,0,0,0,0,0,0,0,0,0,0,0,0,0,0,0,0,0,0,0,0,0,0,0,0,0,0,0,0,0,0,0,0,0,0,0,0,0,0,0,0,0,0,0,0,0,0,0,0,0,0,0,0,0,0,0,0,0,0,0,0,0,0,0,0,0,0,0,0,0,0,0,0,0,0,0,0,0,0,0,0,0,0,0,0,0,0,0,0,0,0,0,0,0,0,0,0,0,0,0,0,0,0,0,0,0,0,0,0,0,0,0,0,0,0,0,0,0,0,0,0,0,0,0,0,0,0,0,0,0,0,0,0,0,0,0,0,0,0,0,0,0,0,0
